ligand_id	url	label	glycoconjugate_type	aglycon	ligand_types	ligand_synonyms	glycan_references:glytoucan	glycan_references:glyconnect	bgsl_curator_meta
SB0001	https://sugarbind.expasy.org/ligands/1	Galactosylceramide (LC, GalCer)	Glycosphingolipid	Ceramide		LC	G65889KE		"{""keep"": true, ""suggested_class"": ""1A"", ""preferred_label_override"": ""Galactosylceramide""}"
SB0002	https://sugarbind.expasy.org/ligands/2	Gangliotetraosylceramide (Asialo-GM1, GgO4, Gg4, GA1, Asialo-GM1a)	Glycosphingolipid	Ceramide		Asialo-GM1 | Asialo-GM1a | GA1 | GgO4	G21856LC		"{""keep"": true, ""suggested_class"": ""1A""}"
SB0003	https://sugarbind.expasy.org/ligands/3	Lactosylceramide (CDH, LacCer, Lc2)	Glycosphingolipid	Ceramide		LacCer | CDH	G84224TW		"{""keep"": true, ""suggested_class"": ""1A""}"
SB0004	https://sugarbind.expasy.org/ligands/4	Gangliotriaosylceramide (Gg3, Asialo-GM2, GA2, Asialo-GM2a)	Glycosphingolipid	Ceramide		Asialo-GM2 | Asialo-GM2a | GA2	G90562PB		"{""keep"": true, ""suggested_class"": ""1A""}"
SB0005	https://sugarbind.expasy.org/ligands/5	Glucosylceramide (Ceramide monohexoside, GlcCer, CMH)	Glycosphingolipid	Ceramide		CMH | Ceramide monohexoside	G71142DF		"{""keep"": true, ""suggested_class"": ""1A""}"
SB0007	https://sugarbind.expasy.org/ligands/7	Galactose (Gal)			Glycotope		G68158BT	1492	"{""keep"": true, ""suggested_class"": ""3B""}"
SB0009	https://sugarbind.expasy.org/ligands/9	N-acetyl-D-galactosamine (GalNAc)			Glycotope		G61418DU		"{""keep"": true}"
SB0010	https://sugarbind.expasy.org/ligands/10	Isoglobotriaosylceramide (Isoglobotri, IGb3)	Glycosphingolipid	Ceramide		Isoglobotri	G78074HX		"{""keep"": true}"
SB0012	https://sugarbind.expasy.org/ligands/12	Gal(b1-3) globoside (SSEA-3, Stage-specific embryonic antigen-3)	Glycosphingolipid	Ceramide		Stage-specific embryonic antigen-3	G99053DY		"{""keep"": true, ""suggested_class"": ""1A""}"
SB0013	https://sugarbind.expasy.org/ligands/13	Monosialogangliotetraosylceramide (Monosialoganglioside, NeuAc-GM1, GM1a, GM1)	Glycosphingolipid	Ceramide	Sialylated	GM1a | NeuAc-GM1 | Monosialoganglioside	G48558GR		"{""keep"": true, ""suggested_class"": ""1A""}"
SB0014	https://sugarbind.expasy.org/ligands/14	Disialogangliotetraosylceramide (NeuAc-GD1b, Disialoganglioside, GD1b)	Glycosphingolipid	Ceramide	Sialylated	Disialoganglioside | NeuAc-GD1b	G37184KW		"{""keep"": true, ""suggested_class"": ""1A""}"
SB0015	https://sugarbind.expasy.org/ligands/15	Neolactotetraosylceramide (NLc4, Paragloboside)	Glycosphingolipid	Ceramide		Paragloboside	G58896AZ		"{""keep"": true, ""suggested_class"": ""1A""}"
SB0018	https://sugarbind.expasy.org/ligands/18	Globotetraosylceramide (Globoside, Gb4)	Glycosphingolipid	Ceramide		Globoside	G00061MO		"{""keep"": true, ""suggested_class"": ""1A""}"
SB0020	https://sugarbind.expasy.org/ligands/20	Lactotriaosylceramide (Lc3)	Glycosphingolipid	Ceramide			G06239NA		"{""keep"": true, ""suggested_class"": ""1A""}"
SB0022	https://sugarbind.expasy.org/ligands/22	Disialogangliotetraosylceramide (GD1a)	Glycosphingolipid	Ceramide	Sialylated		G46677TE		"{""keep"": true}"
SB0023	https://sugarbind.expasy.org/ligands/23	Leukosialin (SPN, Sialophorin, CD43)	Glycoprotein	Protein	Glycotope	Sialophorin | SPN	G78436BB	1947	"{""keep"": true}"
SB0024	https://sugarbind.expasy.org/ligands/24	Leukocyte common antigen (LCA, CD45)	Glycoprotein	Protein	Glycotope	LCA	G78436BB	1947	"{""keep"": true}"
SB0026	https://sugarbind.expasy.org/ligands/26	Lactotetraosylceramide (Lc4)	Glycosphingolipid	Ceramide			G00049MO		"{""keep"": true, ""suggested_class"": ""1A""}"
SB0027	https://sugarbind.expasy.org/ligands/27	Globotriaosylceramide (CTH, Gb3, Trihexosylceramide)	Glycosphingolipid	Ceramide		CTH | Trihexosylceramide	G00059MO		"{""keep"": true}"
SB0028	https://sugarbind.expasy.org/ligands/28	Trisialogangliotetraosylceramide (NeuAc-GT1b, GT1b)	Glycosphingolipid	Ceramide	Sialylated	NeuAc-GT1b	G40183QN		"{""keep"": true, ""suggested_class"": ""1A""}"
SB0031	https://sugarbind.expasy.org/ligands/31	Galabiose (Digalactoside, Ga2)			Glycotope	Digalactoside	G62763GO		"{""keep"": true}"
SB0032	https://sugarbind.expasy.org/ligands/32	Galabiosylceramide (Digalactosylceramide)	Glycosphingolipid	Ceramide		Digalactosylceramide	G67988RO		"{""keep"": true}"
SB0033	https://sugarbind.expasy.org/ligands/33	Pentasaccharide N-linked glycan core (3a,6a-mannopentaose)	N-linked glycoprotein	Protein		3a,6a-mannopentaose	G20624LQ	11	"{""keep"": true}"
SB0035	https://sugarbind.expasy.org/ligands/35	N-acetylneuraminic acid (NANA, Sialic acid, NeuAc)			Sialylated | Glycotope	Sialic acid | NANA	G81533KY	2807	"{""keep"": true, ""suggested_class"": ""3B""}"
SB0036	https://sugarbind.expasy.org/ligands/36	N-acetylgalactosamine (GalNAc)			Glycotope		G27025MB	2305	"{""keep"": true, ""suggested_class"": ""3B""}"
SB0037	https://sugarbind.expasy.org/ligands/37	Sialyl-3-lactose (Alpha 2-3 sialyllactose, 3'SL)			Sialylated	Alpha 2-3 sialyllactose	G91237TK		"{""keep"": true, ""suggested_class"": ""2A""}"
SB0038	https://sugarbind.expasy.org/ligands/38	GQ1b (NeuAc-GQ1b)	Glycosphingolipid	Ceramide	Sialylated	NeuAc-GQ1b	G18625KA		"{""keep"": true, ""suggested_class"": ""1A""}"
SB0039	https://sugarbind.expasy.org/ligands/39	Sai2-3Gal			Sialylated | Glycotope		G77824XV	1561	"{""keep"": true}"
SB0041	https://sugarbind.expasy.org/ligands/41	GM2 (NeuAc-GM2)	Glycosphingolipid	Ceramide	Sialylated	NeuAc-GM2	G79389NT		"{""keep"": true, ""suggested_class"": ""1A""}"
SB0042	https://sugarbind.expasy.org/ligands/42	Disialylactose (DiSai)			Sialylated | Glycotope		G97569KL	1461	"{""keep"": true}"
SB0044	https://sugarbind.expasy.org/ligands/44	Mannose (Man)			Glycotope		G70323CJ	3570	"{""keep"": true, ""suggested_class"": ""3B""}"
SB0045	https://sugarbind.expasy.org/ligands/45	H5 type 1	Glycosphingolipid	Ceramide	Fucosylated | ABH blood group		G00050MO		"{""keep"": true}"
SB0046	https://sugarbind.expasy.org/ligands/46	B7 type 1 (B Lewis b(7))	Glycosphingolipid	Ceramide	Fucosylated | ABH blood group | Lewis blood group	B Lewis b(7)	G22689CV		"{""keep"": true, ""suggested_class"": ""1A""}"
SB0047	https://sugarbind.expasy.org/ligands/47	B6 type 1	Glycosphingolipid	Ceramide	Fucosylated | ABH blood group		G63238VS		"{""keep"": true}"
SB0048	https://sugarbind.expasy.org/ligands/48	A7 type 1	Glycosphingolipid	Ceramide	Fucosylated | ABH blood group | Lewis blood group		G71485PH		"{""keep"": true}"
SB0049	https://sugarbind.expasy.org/ligands/49	A9 type 1	Glycosphingolipid	Ceramide	Fucosylated | ABH blood group		Glytoucan : -		"{""keep"": true}"
SB0050	https://sugarbind.expasy.org/ligands/50	A7 type 4	Glycosphingolipid	Ceramide	Fucosylated | ABH blood group		G37830TX		"{""keep"": true}"
SB0051	https://sugarbind.expasy.org/ligands/51	A8 type 1	Glycosphingolipid	Ceramide	Fucosylated | ABH blood group		G04715SK		"{""keep"": true}"
SB0052	https://sugarbind.expasy.org/ligands/52	A6 type 1	Glycosphingolipid	Ceramide	Fucosylated | ABH blood group		G82858KU		"{""keep"": true}"
SB0056	https://sugarbind.expasy.org/ligands/56	Lewis a (Lea-5)	Glycosphingolipid	Ceramide	Fucosylated | Lewis blood group		G26123AX		"{""keep"": true, ""suggested_class"": ""1A""}"
SB0058	https://sugarbind.expasy.org/ligands/58	Gangliotetraosylceramide (Gg4)	Glycosphingolipid	Ceramide			G05357CB		"{""keep"": true, ""suggested_class"": ""1A""}"
SB0059	https://sugarbind.expasy.org/ligands/59	Disialosyl galactosyl globoside (DSGG)	Glycosphingolipid	Ceramide	Sialylated		G97932OH		"{""keep"": true, ""suggested_class"": ""1A""}"
SB0060	https://sugarbind.expasy.org/ligands/60	Sialosyl galactosyl globoside (Sialosyl gal-globoside, SGG)	Glycosphingolipid	Ceramide	Sialylated	Sialosyl gal-globoside	G32254QI		"{""keep"": true, ""suggested_class"": ""1A""}"
SB0061	https://sugarbind.expasy.org/ligands/61	N-acetylglucosamine (GlcNAc)	Glycoprotein	Protein	Glycotope		G64581RP	3168	"{""keep"": true, ""suggested_class"": ""3B""}"
SB0063	https://sugarbind.expasy.org/ligands/63	Globo-H	Glycosphingolipid	Ceramide	Fucosylated		G98465JN		"{""keep"": true}"
SB0064	https://sugarbind.expasy.org/ligands/64	Globo-A	Glycosphingolipid	Ceramide	Fucosylated | ABH blood group		G37830TX		"{""keep"": true}"
SB0065	https://sugarbind.expasy.org/ligands/65	Forssman	Glycosphingolipid	Ceramide			G72565QB		"{""keep"": true, ""suggested_class"": ""1A""}"
SB0066	https://sugarbind.expasy.org/ligands/66	NeuGc-GM3 (GM3gc)	Glycosphingolipid	Ceramide	Sialylated	GM3gc	G75789AR		"{""keep"": true, ""suggested_class"": ""1A""}"
SB0067	https://sugarbind.expasy.org/ligands/67	Mannose (Man, Alpha-linked mannose)				Alpha-linked mannose	G70323CJ	3570	"{""keep"": true, ""suggested_class"": ""3B""}"
SB0068	https://sugarbind.expasy.org/ligands/68	Sai2-3Gal			Sialylated		G30207PZ		"{""keep"": true}"
SB0071	https://sugarbind.expasy.org/ligands/71	Monosialodihexosylganglioside (II3NeuAc LacCer, Hematoside, GM3)	Glycosphingolipid	Ceramide	Sialylated	II3NeuAc LacCer | Hematoside	G91237TK		"{""keep"": true}"
SB0073	https://sugarbind.expasy.org/ligands/73	Mannotriose					G17780OR		"{""keep"": true}"
SB0075	https://sugarbind.expasy.org/ligands/75	N-acetylneuraminic acid (NeuAc)	Glycoprotein	Protein	Sialylated | Glycotope		G50850NI		"{""keep"": true, ""suggested_class"": ""3B""}"
SB0076	https://sugarbind.expasy.org/ligands/76	Sialyl-3-lactose (3'SL)			Sialylated		G56516VH	2467	"{""keep"": true}"
SB0077	https://sugarbind.expasy.org/ligands/77	Mannotriose					G47395XN		"{""keep"": true}"
SB0078	https://sugarbind.expasy.org/ligands/78	NeuGc-GM2 (GM2gc)	Glycosphingolipid	Ceramide	Sialylated	GM2gc	G56478LD		"{""keep"": true, ""suggested_class"": ""1A""}"
SB0079	https://sugarbind.expasy.org/ligands/79	Galabiosylceramide (Galabiosylceramide)	Glycosphingolipid	Ceramide	Glycotope		G67988RO		"{""keep"": true}"
SB0080	https://sugarbind.expasy.org/ligands/80	Tetraosylceramide	Glycosphingolipid	Ceramide			G95034OI		"{""keep"": true}"
SB0081	https://sugarbind.expasy.org/ligands/81	Hexaosylceramide	Glycosphingolipid	Ceramide			G83212YI		"{""keep"": true}"
SB0082	https://sugarbind.expasy.org/ligands/82	Sulfatide	Glycosphingolipid	Ceramide	Sulfated		G72548RZ		"{""keep"": true, ""suggested_class"": ""1A""}"
SB0083	https://sugarbind.expasy.org/ligands/83	Sulf-lactosylceramide	Glycosphingolipid	Ceramide	Sulfated		G20044TD		"{""keep"": true, ""suggested_class"": ""1A""}"
SB0084	https://sugarbind.expasy.org/ligands/84	Neolactohexosylceramide (NLc6)	Glycosphingolipid	Ceramide			G84034JH		"{""keep"": true}"
SB0085	https://sugarbind.expasy.org/ligands/85	Chitobios	Glycoprotein	Protein	Glycotope		G07982RO	2126	"{""keep"": true}"
SB0086	https://sugarbind.expasy.org/ligands/86	Fucose (Fuc, L-Fucose)			Fucosylated | Glycotope	L-Fucose	G82576YO	1898	"{""keep"": true, ""suggested_class"": ""3B""}"
SB0088	https://sugarbind.expasy.org/ligands/88	Beta-linked galactose			Glycotope		G65889KE		"{""keep"": true}"
SB0089	https://sugarbind.expasy.org/ligands/89	Gb5	Glycosphingolipid	Ceramide			G88796WA		"{""keep"": true, ""suggested_class"": ""1A""}"
SB0090	https://sugarbind.expasy.org/ligands/90	GL-III	Glycosphingolipid	Ceramide	Fucosylated		G19336PT		"{""keep"": true}"
SB0091	https://sugarbind.expasy.org/ligands/91	GL-II	Glycosphingolipid	Ceramide			G62971NJ		"{""keep"": true}"
SB0092	https://sugarbind.expasy.org/ligands/92	Forssman glycolipid	Glycosphingolipid	Ceramide			G80062GG		"{""keep"": true, ""suggested_class"": ""1A""}"
SB0093	https://sugarbind.expasy.org/ligands/93	II3Neu5GcGg4Cer, GM1(Gc) (NeuGc-GM1)	Glycosphingolipid	Ceramide	Sialylated		G24034CH		"{""keep"": true, ""suggested_class"": ""1A""}"
SB0094	https://sugarbind.expasy.org/ligands/94	GD2 (NeuAc-GD2)	Glycosphingolipid	Ceramide	Sialylated	NeuAc-GD2	G02657AK		"{""keep"": true, ""suggested_class"": ""1A""}"
SB0095	https://sugarbind.expasy.org/ligands/95	GD3	Glycosphingolipid	Ceramide	Sialylated		G98544DH		"{""keep"": true, ""suggested_class"": ""1A""}"
SB0098	https://sugarbind.expasy.org/ligands/98	GM1	Glycosphingolipid	Ceramide	Sialylated		G03277YI		"{""keep"": true, ""suggested_class"": ""1A""}"
SB0100	https://sugarbind.expasy.org/ligands/100	Antigen H (H1 (tri-))			Fucosylated | ABH blood group		G88393MK		"{""keep"": true}"
SB0101	https://sugarbind.expasy.org/ligands/101	B Lewis b (B Leb)			Fucosylated | ABH blood group | Lewis blood group		G60395SO		"{""keep"": true, ""suggested_class"": ""1A""}"
SB0102	https://sugarbind.expasy.org/ligands/102	A Lewis b (A Leb)			Fucosylated | ABH blood group | Lewis blood group		G48600JD		"{""keep"": true, ""suggested_class"": ""1A""}"
SB0103	https://sugarbind.expasy.org/ligands/103	Antigen A (Antigen A)			Fucosylated | ABH blood group		G58507AZ		"{""keep"": true}"
SB0104	https://sugarbind.expasy.org/ligands/104	G9-B	Glycosphingolipid	Ceramide	Sialylated | Fucosylated | ABH blood group		G08855PJ		"{""keep"": true}"
SB0105	https://sugarbind.expasy.org/ligands/105	Sialyl Lewis x Lewis x (NeuAca3-dimer-Lex, SDLex)	Glycosphingolipid	Ceramide	Sialylated | Fucosylated | Lewis blood group	NeuAca3-dimer-Lex	G45215IJ		"{""keep"": true, ""suggested_class"": ""1A""}"
SB0106	https://sugarbind.expasy.org/ligands/106	Sialyl Lewis x (SLex, NeuAca3-Lex)	Glycosphingolipid	Ceramide	Sialylated | Fucosylated | Lewis blood group	NeuAca3-Lex	G96401FK		"{""keep"": true, ""suggested_class"": ""1A""}"
SB0107	https://sugarbind.expasy.org/ligands/107	VIM-2	Glycosphingolipid	Ceramide	Sialylated | Fucosylated		G01296LJ		"{""keep"": true, ""suggested_class"": ""1A""}"
SB0108	https://sugarbind.expasy.org/ligands/108	Sialosylparagloboside (S3P, NeuAca3SPG, IV3(NeuAc)nLc4Cer, Sial pg, NeuAca2-3PG, S-3-PG)	Glycosphingolipid	Ceramide	Sialylated	S-3-PG | S3P | IV3(NeuAc)nLc4Cer | NeuAca3SPG | Sial pg	G01767JJ		"{""keep"": true, ""suggested_class"": ""2A""}"
SB0109	https://sugarbind.expasy.org/ligands/109	I-active ganglioside (NeuAca3-nLc6, NeuAca2-3i)	Glycosphingolipid	Ceramide	Sialylated	NeuAca3-nLc6	G03067VG		"{""keep"": true, ""suggested_class"": ""2A""}"
SB0110	https://sugarbind.expasy.org/ligands/110	NeuAca3-nLc8	Glycosphingolipid	Ceramide	Sialylated		G26036PN		"{""keep"": true}"
SB0111	https://sugarbind.expasy.org/ligands/111	I-Active ganglioside (NeuAc-G-10, NeuAca2-3I)	Glycosphingolipid	Ceramide	Sialylated	NeuAc-G-10	G28566CQ		"{""keep"": true, ""suggested_class"": ""2A""}"
SB0112	https://sugarbind.expasy.org/ligands/112	Lewis b (Leb-6)	Glycosphingolipid	Ceramide	Fucosylated | Lewis blood group		G09552LA		"{""keep"": true, ""suggested_class"": ""1A""}"
SB0113	https://sugarbind.expasy.org/ligands/113	Sialyl Lewis a (NeuAca3-Lea)	Glycosphingolipid	Ceramide	Sialylated | Fucosylated | Lewis blood group		G50321QR		"{""keep"": true, ""suggested_class"": ""1A""}"
SB0114	https://sugarbind.expasy.org/ligands/114	Fuc-gangliotetraosylceramide (H-5-ganglio, Fuc-GgO4)	Glycosphingolipid	Ceramide	Fucosylated	H-5-ganglio	G57920AK		"{""keep"": true, ""suggested_class"": ""1A""}"
SB0115	https://sugarbind.expasy.org/ligands/115	3'-sialyl-N-acetyllactosamine (3'SLN, 3'SiaLacNAc(1-4))			Sialylated	3'SiaLacNAc(1-4)	G10203DW	2804	"{""keep"": true, ""suggested_class"": ""2A""}"
SB0118	https://sugarbind.expasy.org/ligands/118	Sulfatide	Glycosphingolipid	Ceramide	Sulfated		G07169WN		"{""keep"": true, ""suggested_class"": ""1A""}"
SB0119	https://sugarbind.expasy.org/ligands/119	Sulf-gangliotetraosyl ceramide	Glycosphingolipid	Ceramide	Sulfated		G96614JE		"{""keep"": true}"
SB0121	https://sugarbind.expasy.org/ligands/121	SSEA-4 (Stage specific embryonic antigen-4)			Sialylated	Stage specific embryonic antigen-4	G32254QI		"{""keep"": true, ""suggested_class"": ""1A""}"
SB0122	https://sugarbind.expasy.org/ligands/122	Sialyllactotetraosylceramide	Glycosphingolipid	Ceramide	Sialylated		G72692DY		"{""keep"": true, ""suggested_class"": ""1A""}"
SB0123	https://sugarbind.expasy.org/ligands/123	Sialylparagloboside (NeuAca2-6PG, IV6(NeuAc)nLc4Cer)	Glycosphingolipid	Ceramide	Sialylated	IV6(NeuAc)nLc4Cer	G83513YI		"{""keep"": true, ""suggested_class"": ""2A""}"
SB0124	https://sugarbind.expasy.org/ligands/124	LSTa			Sialylated		G21066IE	3001	"{""keep"": true}"
SB0125	https://sugarbind.expasy.org/ligands/125	LSTc			Sialylated		G21938SG		"{""keep"": true, ""suggested_class"": ""1A""}"
SB0127	https://sugarbind.expasy.org/ligands/127	Sialyl Lewis c (SLec, SaiLec)			Sialylated | Glycotope | Lewis blood group	SaiLec	G46776WR		"{""keep"": true}"
SB0128	https://sugarbind.expasy.org/ligands/128	6-sulfo sialyl Lewis x (Su-SaiLex, Su-SLex)			Sialylated | Sulfated | Fucosylated | Glycotope | Lewis blood group	Su-SaiLex	G80722US		"{""keep"": true, ""suggested_class"": ""1A""}"
SB0129	https://sugarbind.expasy.org/ligands/129	Sialyl Lewis x (SLex, SaiLex)			Sialylated | Fucosylated | Glycotope | Lewis blood group	SaiLex	G00054MO		"{""keep"": true, ""suggested_class"": ""1A""}"
SB0130	https://sugarbind.expasy.org/ligands/130	Sulfated sialyl-3-N-acetyllactosamine (Su-3'SLN, Sulfated trisaccharide)			Sialylated | Sulfated | Glycotope	Sulfated trisaccharide	G99745QX		"{""keep"": true}"
SB0131	https://sugarbind.expasy.org/ligands/131	3'-sialyl-N-acetyllactosamine (3'SLN)			Sialylated		G00065MO	2804	"{""keep"": true}"
SB0132	https://sugarbind.expasy.org/ligands/132	6'-sialyl-N-acetyllactosamine (6'SLN, 6'SiaLacNAc(1-4))			Sialylated	6'SiaLacNAc(1-4)	G09376MR	2911	"{""keep"": true, ""suggested_class"": ""2A""}"
SB0133	https://sugarbind.expasy.org/ligands/133	Sialyllactotetraosylceramide	Glycosphingolipid	Ceramide	Sialylated		G79536OW		"{""keep"": true, ""suggested_class"": ""1A""}"
SB0134	https://sugarbind.expasy.org/ligands/134	6-sulfo sialyl Lewis c (Su-SaiLec, Su-SLec)			Sialylated | Sulfated | Glycotope | Lewis blood group	Su-SaiLec	G93779QZ		"{""keep"": true}"
SB0135	https://sugarbind.expasy.org/ligands/135	I-active ganglioside	Glycosphingolipid	Ceramide	Sialylated		G16194TN		"{""keep"": true, ""suggested_class"": ""1A""}"
SB0137	https://sugarbind.expasy.org/ligands/137	Globotetraosylceramide					G04616ST	570	"{""keep"": true, ""suggested_class"": ""1A""}"
SB0138	https://sugarbind.expasy.org/ligands/138	A-galactosylparagloboside (A-Galactosylparagloboside)	Glycosphingolipid	Ceramide			G60645OK		"{""keep"": true}"
SB0139	https://sugarbind.expasy.org/ligands/139	Sulfatide	Glycosphingolipid	Ceramide	Sulfated		G72548RZ		"{""keep"": true, ""suggested_class"": ""1A""}"
SB0140	https://sugarbind.expasy.org/ligands/140	Seminolipid	Glyceroglycolipid	Alkylacylglycerol	Sulfated		G72548RZ		"{""keep"": true}"
SB0141	https://sugarbind.expasy.org/ligands/141	Lactosylsulfatide	Glycosphingolipid	Ceramide	Sulfated		G20044TD		"{""keep"": true}"
SB0142	https://sugarbind.expasy.org/ligands/142	Sulfatide	Glycosphingolipid	Ceramide	Sulfated		G60011XD		"{""keep"": true, ""suggested_class"": ""1A""}"
SB0143	https://sugarbind.expasy.org/ligands/143	Lactosylceramide (LacCer)	Glycosphingolipid	Ceramide			G20420WT		"{""keep"": true, ""suggested_class"": ""1A""}"
SB0146	https://sugarbind.expasy.org/ligands/146	Lewis b (Leb-4)			Fucosylated | Lewis blood group		G39211DH		"{""keep"": true, ""suggested_class"": ""1A""}"
SB0147	https://sugarbind.expasy.org/ligands/147	Lewis y (Ley-4)			Fucosylated | ABH blood group		G49963IQ	3064	"{""keep"": true, ""suggested_class"": ""1A""}"
SB0148	https://sugarbind.expasy.org/ligands/148	B antigen(tri-)			Fucosylated | ABH blood group		G58612ZQ		"{""keep"": true}"
SB0149	https://sugarbind.expasy.org/ligands/149	A antigen(tri-)			Fucosylated | ABH blood group		G55958KV		"{""keep"": true}"
SB0150	https://sugarbind.expasy.org/ligands/150	H type 1 Lewis b (H type 1 Leb)			Fucosylated | ABH blood group | Lewis blood group		G14300ZJ		"{""keep"": true, ""suggested_class"": ""1A""}"
SB0151	https://sugarbind.expasy.org/ligands/151	B type 1 B Lewis b (B type 1 B Leb)			Fucosylated | ABH blood group | Lewis blood group		G94938PL		"{""keep"": true, ""suggested_class"": ""1A""}"
SB0152	https://sugarbind.expasy.org/ligands/152	A type 1 A Lewis b (A type 1 A Leb)			Fucosylated | ABH blood group | Lewis blood group		G12068BR		"{""keep"": true, ""suggested_class"": ""1A""}"
SB0153	https://sugarbind.expasy.org/ligands/153	H type 1			Fucosylated | ABH blood group		G50899UD		"{""keep"": true}"
SB0154	https://sugarbind.expasy.org/ligands/154	H3 (di-)			Fucosylated | ABH blood group		G66086EX	121	"{""keep"": true}"
SB0155	https://sugarbind.expasy.org/ligands/155	Lewis a (Lea-3)			Fucosylated | Lewis blood group		G00047MO		"{""keep"": true, ""suggested_class"": ""1A""}"
SB0156	https://sugarbind.expasy.org/ligands/156	Precusor Lewis a (Precusor Lea)			Glycotope		G23041XK		"{""keep"": true, ""suggested_class"": ""1A""}"
SB0157	https://sugarbind.expasy.org/ligands/157	Lewis x (Lex-3)			Fucosylated | Lewis blood group		G01187XC	3238	"{""keep"": true, ""suggested_class"": ""1A""}"
SB0158	https://sugarbind.expasy.org/ligands/158	NeuGca2-3I	Glycosphingolipid	Ceramide	Sialylated		G72494BI		"{""keep"": true}"
SB0159	https://sugarbind.expasy.org/ligands/159	NeuAca2-6I	Glycosphingolipid	Ceramide	Sialylated		G37563FN		"{""keep"": true, ""suggested_class"": ""2A""}"
SB0160	https://sugarbind.expasy.org/ligands/160	LNFP II			Fucosylated | Lewis blood group		G98173LG		"{""keep"": true, ""suggested_class"": ""1A""}"
SB0161	https://sugarbind.expasy.org/ligands/161	Lacto-N-fucopentose			Fucosylated | Lewis blood group		G98173LG		"{""keep"": true, ""suggested_class"": ""1A""}"
SB0162	https://sugarbind.expasy.org/ligands/162	Sialyl Lewis a (SLea)			Sialylated | Fucosylated | Lewis blood group		G91326YS		"{""keep"": true, ""suggested_class"": ""1A""}"
SB0163	https://sugarbind.expasy.org/ligands/163	Melibiose			Glycotope		G86123DJ		"{""keep"": true, ""suggested_class"": ""3B""}"
SB0170	https://sugarbind.expasy.org/ligands/170	Leukosialin (Sialophorin and SPN, CD43)	Glycoprotein	Protein	Sialylated	Sialophorin and SPN	G50850NI		"{""keep"": true}"
SB0171	https://sugarbind.expasy.org/ligands/171	Leukocyte common antigen (CD45)	Glycoprotein	Protein	Sialylated		G50850NI		"{""keep"": true}"
SB0172	https://sugarbind.expasy.org/ligands/172	N-acetylneuraminic acid (NeuAc)			Sialylated		G50850NI		"{""keep"": true, ""suggested_class"": ""3B""}"
SB0174	https://sugarbind.expasy.org/ligands/174	Lactotetraose (LNT, Lacto-N-tetraose)				Lacto-N-tetraose	G45827GY	660	"{""keep"": true}"
SB0175	https://sugarbind.expasy.org/ligands/175	Neolactotetrose (LNnT, Lacto-N-neotetraose)				Lacto-N-neotetraose	G48059CD	3051	"{""keep"": true}"
SB0181	https://sugarbind.expasy.org/ligands/181	Sialyllacto-N-neotetraose (Sai-LNnT)	Glycosphingolipid	Ceramide	Sialylated | Sulfated | Fucosylated		Glytoucan : -		"{""keep"": true}"
SB0182	https://sugarbind.expasy.org/ligands/182	N-glycan	N-linked glycoprotein	Protein	Sialylated | Fucosylated		G90889KG	1077	"{""keep"": true, ""suggested_class"": ""3A""}"
SB0183	https://sugarbind.expasy.org/ligands/183	N-glycan	N-linked glycoprotein	Protein	Sialylated		G28330DZ	1187	"{""keep"": true, ""suggested_class"": ""3A""}"
SB0186	https://sugarbind.expasy.org/ligands/186	3'-sialyl-N-acetyllactosamine(1-3) (3'SLN, 3'SiaLacNAc(1-3))			Sialylated	3'SiaLacNAc(1-3)	G59168YE		"{""keep"": true, ""suggested_class"": ""2A""}"
SB0187	https://sugarbind.expasy.org/ligands/187	Galactose (Gal)			Glycotope		G65889KE		"{""keep"": true, ""suggested_class"": ""3B""}"
SB0188	https://sugarbind.expasy.org/ligands/188	Gg4Cer II3-sulfate (SM1a)	Glycosphingolipid	Ceramide	Sulfated		G59508TM		"{""keep"": true}"
SB0189	https://sugarbind.expasy.org/ligands/189	Sialyllacto-N-tetraose b (LSTb)	Glycosphingolipid	Ceramide	Sialylated		G32417JV		"{""keep"": true}"
SB0190	https://sugarbind.expasy.org/ligands/190	NA2F			Fucosylated		G00998NI	1860	"{""keep"": true, ""suggested_class"": ""2D""}"
SB0191	https://sugarbind.expasy.org/ligands/191	Mannotriose					G28528AG		"{""keep"": true}"
SB0192	https://sugarbind.expasy.org/ligands/192	Glucose (D-Glucose, Glc)			Glycotope	D-Glucose	G15021LG	534	"{""keep"": true, ""suggested_class"": ""3B""}"
SB0193	https://sugarbind.expasy.org/ligands/193	B-GM1	Glycosphingolipid	Ceramide	Sialylated | Fucosylated | ABH blood group		G11485ID		"{""keep"": true, ""suggested_class"": ""1A""}"
SB0194	https://sugarbind.expasy.org/ligands/194	Extended GM1	Glycosphingolipid	Ceramide	Sialylated		G03506YN		"{""keep"": true, ""suggested_class"": ""1A""}"
SB0195	https://sugarbind.expasy.org/ligands/195	Galactose beta1 (Gal beta1)			Glycotope		G68158BT		"{""keep"": true}"
SB0196	https://sugarbind.expasy.org/ligands/196	alpha-oligomannoside (dimannoside)	N-linked glycoprotein	Protein	High-mannose	dimannoside	G29313LW	915	"{""keep"": true}"
SB0197	https://sugarbind.expasy.org/ligands/197	alpha-oligomannoside	N-linked glycoprotein	Protein			G07490EK		"{""keep"": true}"
SB0198	https://sugarbind.expasy.org/ligands/198	alpha-oligomannoside	N-linked glycoprotein	Protein			G51379UR	747	"{""keep"": true}"
SB0199	https://sugarbind.expasy.org/ligands/199	Lewis y (Ley-6)	Glycosphingolipid	Ceramide	Fucosylated | Lewis blood group		G89659QV		"{""keep"": true, ""suggested_class"": ""1A""}"
SB0200	https://sugarbind.expasy.org/ligands/200	Lewis x (Lex-5)	Glycosphingolipid	Ceramide	Fucosylated | Lewis blood group		Glytoucan : -		"{""keep"": true, ""suggested_class"": ""1A""}"
SB0202	https://sugarbind.expasy.org/ligands/202	LSTc pentasaccharide			Sialylated		G72506RN	1871	"{""keep"": true}"
SB0203	https://sugarbind.expasy.org/ligands/203	Blood group A type 2 tetrasaccharide			Fucosylated | ABH blood group		G17108EX		"{""keep"": true, ""suggested_class"": ""1A""}"
