#label	id	bgsl_curator_meta
Sialyl-Lewis A	http://rdf.glycoinfo.org/glycan/G00053MO	"{""keep"": true, ""suggested_class"": ""1A""}"
sLeA	http://rdf.glycoinfo.org/glycan/G00053MO	"{""keep"": true, ""suggested_class"": ""1A""}"
Glycosphingolipid Ganglio	http://rdf.glycoinfo.org/glycan/G00071MO	"{""keep"": true, ""suggested_class"": ""3A""}"
Ganglio	http://rdf.glycoinfo.org/glycan/G00071MO	"{""keep"": true, ""suggested_class"": ""3A""}"
Glycosphingolipid Globo	http://rdf.glycoinfo.org/glycan/G00072MO	"{""keep"": true, ""suggested_class"": ""3A""}"
Globo	http://rdf.glycoinfo.org/glycan/G00072MO	"{""keep"": true, ""suggested_class"": ""3A""}"
O-Glycan core 7	http://rdf.glycoinfo.org/glycan/G00043MO	"{""keep"": true, ""suggested_class"": ""1A""}"
Sialyl Lewis X	http://rdf.glycoinfo.org/glycan/G00054MO	"{""keep"": true, ""suggested_class"": ""1A""}"
sLeX	http://rdf.glycoinfo.org/glycan/G00054MO	"{""keep"": true, ""suggested_class"": ""1A""}"
Peptidoglycan	http://rdf.glycoinfo.org/glycan/G00023MO	"{""keep"": true, ""suggested_class"": ""DISCARD""}"
Blood group A	http://rdf.glycoinfo.org/glycan/G00066MO	"{""keep"": true, ""suggested_class"": ""1A""}"
Heparin	http://rdf.glycoinfo.org/glycan/G54161DR	"{""keep"": true, ""suggested_class"": ""1A""}"
LPS	http://rdf.glycoinfo.org/glycan/G00022MO	"{""keep"": true, ""suggested_class"": ""DISCARD""}"
Neo Lactosamine	http://rdf.glycoinfo.org/glycan/G00056MO	"{""keep"": true, ""suggested_class"": ""1B""}"
Glycosphingolipid Isoglobo	http://rdf.glycoinfo.org/glycan/G00012MO	"{""keep"": true, ""suggested_class"": ""3A""}"
O-Glycan core 4	http://rdf.glycoinfo.org/glycan/G00037MO	"{""keep"": true, ""suggested_class"": ""1A""}"
P1-Antigen	http://rdf.glycoinfo.org/glycan/G00060MO	"{""keep"": true, ""suggested_class"": ""1A""}"
Lewis B	http://rdf.glycoinfo.org/glycan/G00048MO	"{""keep"": true, ""suggested_class"": ""1A""}"
LeB	http://rdf.glycoinfo.org/glycan/G00048MO	"{""keep"": true, ""suggested_class"": ""1A""}"
Glycosphingolipid Arthro	http://rdf.glycoinfo.org/glycan/G00014MO	"{""keep"": true, ""suggested_class"": ""3A""}"
N-Glycan high mannose	http://rdf.glycoinfo.org/glycan/G00028MO	"{""keep"": true, ""suggested_class"": ""1B""}"
high mannose	http://rdf.glycoinfo.org/glycan/G00028MO	"{""keep"": true, ""suggested_class"": ""1B""}"
N-Glycan complex	http://rdf.glycoinfo.org/glycan/G00030MO	"{""keep"": true, ""suggested_class"": ""1B""}"
Glycosphingolipid Muco	http://rdf.glycoinfo.org/glycan/G00013MO	"{""keep"": true, ""suggested_class"": ""3A""}"
GPI anchor	http://rdf.glycoinfo.org/glycan/G00045MO	"{""keep"": true, ""suggested_class"": ""1A""}"
O-Glycan core 4	http://rdf.glycoinfo.org/glycan/G00038MO	"{""keep"": true, ""suggested_class"": ""1A""}"
Glycosphingolipid Gala	http://rdf.glycoinfo.org/glycan/G00016MO	"{""keep"": true}"
Lewis A	http://rdf.glycoinfo.org/glycan/G00047MO	"{""keep"": true, ""suggested_class"": ""1A""}"
LeA	http://rdf.glycoinfo.org/glycan/G00047MO	"{""keep"": true, ""suggested_class"": ""1A""}"
Forssmann	http://rdf.glycoinfo.org/glycan/G00064MO	"{""keep"": true}"
Hyluronan	http://rdf.glycoinfo.org/glycan/G00017MO	"{""keep"": true}"
Lewis Y	http://rdf.glycoinfo.org/glycan/G00052MO	"{""keep"": true, ""suggested_class"": ""1A""}"
LeY	http://rdf.glycoinfo.org/glycan/G00052MO	"{""keep"": true, ""suggested_class"": ""1A""}"
Glycosphingolipid Neo-lacto	http://rdf.glycoinfo.org/glycan/G00070MO	"{""keep"": true}"
Pk-Antigen	http://rdf.glycoinfo.org/glycan/G00059MO	"{""keep"": true, ""suggested_class"": ""1A""}"
O-Glycan core 6	http://rdf.glycoinfo.org/glycan/G00042MO	"{""keep"": true, ""suggested_class"": ""1A""}"
Blood group H	http://rdf.glycoinfo.org/glycan/G00068MO	"{""keep"": true, ""suggested_class"": ""1A""}"
Lewis D	http://rdf.glycoinfo.org/glycan/G00050MO	"{""keep"": true, ""suggested_class"": ""1A""}"
LeD	http://rdf.glycoinfo.org/glycan/G00050MO	"{""keep"": true}"
CAD	http://rdf.glycoinfo.org/glycan/G00063MO	"{""keep"": true, ""suggested_class"": ""1A""}"
O-Glycan core 3	http://rdf.glycoinfo.org/glycan/G00035MO	"{""keep"": true, ""suggested_class"": ""1A""}"
SDA	http://rdf.glycoinfo.org/glycan/G00062MO	"{""keep"": true, ""suggested_class"": ""1A""}"
O-Glycan core 5	http://rdf.glycoinfo.org/glycan/G00039MO	"{""keep"": true, ""suggested_class"": ""1A""}"
Galalpha1-3Gal	http://rdf.glycoinfo.org/glycan/G00046MO	"{""keep"": true}"
N-Glycan hybrid	http://rdf.glycoinfo.org/glycan/G00029MO	"{""keep"": true, ""suggested_class"": ""1B""}"
Polylactosamine	http://rdf.glycoinfo.org/glycan/G00058MO	"{""keep"": true}"
Lewis C	http://rdf.glycoinfo.org/glycan/G00049MO	"{""keep"": true, ""suggested_class"": ""1A""}"
O-Glycan core 1	http://rdf.glycoinfo.org/glycan/G00032MO	"{""keep"": true, ""suggested_class"": ""1A""}"
Dermatan sulfate	http://rdf.glycoinfo.org/glycan/G00019MO	"{""keep"": true, ""suggested_class"": ""1A""}"
Beta-glucan	http://rdf.glycoinfo.org/glycan/G00024MO	"{""keep"": true, ""suggested_class"": ""1C""}"
LacDiNAc	http://rdf.glycoinfo.org/glycan/G00057MO	"{""keep"": true, ""suggested_class"": ""1B""}"
O-Glycan core 2	http://rdf.glycoinfo.org/glycan/G00033MO	"{""keep"": true, ""suggested_class"": ""1A""}"
O-Glycan core 3	http://rdf.glycoinfo.org/glycan/G00036MO	"{""keep"": true, ""suggested_class"": ""1A""}"
O-Glycan core 5	http://rdf.glycoinfo.org/glycan/G00040MO	"{""keep"": true, ""suggested_class"": ""1A""}"
Cellulose	http://rdf.glycoinfo.org/glycan/G00025MO	"{""keep"": true, ""suggested_class"": ""1C""}"
N-Glycan	http://rdf.glycoinfo.org/glycan/G00027MO	"{""keep"": true, ""suggested_class"": ""3A""}"
Glycosphingolipid Mollu	http://rdf.glycoinfo.org/glycan/G00015MO	"{""keep"": true}"
O-Glycan core 1	http://rdf.glycoinfo.org/glycan/G00031MO	"{""keep"": true, ""suggested_class"": ""1A""}"
O-Glycan core 7	http://rdf.glycoinfo.org/glycan/G00044MO	"{""keep"": true, ""suggested_class"": ""1A""}"
Blood group B	http://rdf.glycoinfo.org/glycan/G00067MO	"{""keep"": true, ""suggested_class"": ""1A""}"
P-Antigen	http://rdf.glycoinfo.org/glycan/G00061MO	"{""keep"": true, ""suggested_class"": ""1A""}"
N-Glycan core	http://rdf.glycoinfo.org/glycan/G00026MO	"{""keep"": true, ""suggested_class"": ""1B""}"
Lactosamine	http://rdf.glycoinfo.org/glycan/G00055MO	"{""keep"": true, ""suggested_class"": ""1B""}"
Keratan sulfate	http://rdf.glycoinfo.org/glycan/G00020MO	"{""keep"": true, ""suggested_class"": ""1A""}"
Lewis X	http://rdf.glycoinfo.org/glycan/G00051MO	"{""keep"": true, ""suggested_class"": ""1A""}"
LeX	http://rdf.glycoinfo.org/glycan/G00051MO	"{""keep"": true, ""suggested_class"": ""1A""}"
O-Glycan core 6	http://rdf.glycoinfo.org/glycan/G00041MO	"{""keep"": true, ""suggested_class"": ""1A""}"
Glycosphingolipid Lacto	http://rdf.glycoinfo.org/glycan/G00069MO	"{""keep"": true, ""suggested_class"": ""3A""}"
O-Glycan core 2	http://rdf.glycoinfo.org/glycan/G00034MO	"{""keep"": true, ""suggested_class"": ""1A""}"
VIM	http://rdf.glycoinfo.org/glycan/G00065MO	"{""keep"": true, ""suggested_class"": ""1A""}"
Chondroitin sulfate	http://rdf.glycoinfo.org/glycan/G00018MO	"{""keep"": true, ""suggested_class"": ""1A""}"
Chondroitin	http://rdf.glycoinfo.org/glycan/G00018MO	"{""keep"": true, ""suggested_class"": ""1A""}"
