id	label	glytoucan_id	names	keywords	url	bgsl_curator_meta
GGM.000001	Type 2 LN	G00055MO	N-acetyllactosamine type 2	LacNAc|N-acetyllactosamine	https://glycomotif.glyomics.org/glycomotif/GGM.000001	"{""keep"": true, ""suggested_class"": ""1B"", ""notes"": ""Has exact synonym N-acetyllactosamine type 2. Has broad synonym N-acetyllactosamine.""}"
GGM.000002	Type 2 LN2	G00058MO	i antigen	LacNAc|N-acetyllactosamine|N-acetyllactosamine type 2	https://glycomotif.glyomics.org/glycomotif/GGM.000002	"{""keep"": true, ""suggested_class"": ""1B"", ""notes"": ""Has broad synonym i-antigen. Has broad synonym N-acetyllactosamine type 2.""}"
GGM.000003	I antigen	G56045WU			https://glycomotif.glyomics.org/glycomotif/GGM.000003	"{""keep"": true, ""suggested_class"": ""1A""}"
GGM.000004	i antigen	G46055MA		LacNAc|N-acetyllactosamine|N-acetyllactosamine type 2	https://glycomotif.glyomics.org/glycomotif/GGM.000004	"{""keep"": true, ""suggested_class"": ""1A"", ""notes"": ""Has broad synonym N-acetyllactosamine type 2.""}"
GGM.000005	Type 1 LN	G00056MO		LacNAc|N-acetyllactosamine|N-acetyllactosamine type 1	https://glycomotif.glyomics.org/glycomotif/GGM.000005	"{""keep"": true, ""suggested_class"": ""1B"", ""notes"": ""Has exact synonym N-acetyllactosamine type 1. Has broad synonym N-acetyllactosamine.""}"
GGM.000006	Type 1 LN2	G43784HS		LacNAc|N-acetyllactosamine|N-acetyllactosamine type 1	https://glycomotif.glyomics.org/glycomotif/GGM.000006	"{""keep"": true, ""suggested_class"": ""1B"", ""notes"": ""Has broad synonym N-acetyllactosamine type 1.""}"
GGM.000007	Type 1 LN3	G17961XM		LacNAc|N-acetyllactosamine|N-acetyllactosamine type 1	https://glycomotif.glyomics.org/glycomotif/GGM.000007	"{""keep"": true, ""suggested_class"": ""1B"", ""notes"": ""Has broad synonym N-acetyllactosamine type 1.""}"
GGM.000008	Tn antigen	G57321FI			https://glycomotif.glyomics.org/glycomotif/GGM.000008	"{""keep"": true, ""suggested_class"": ""1A""}"
GGM.000009	T antigen	G00031MO	TF antigen		https://glycomotif.glyomics.org/glycomotif/GGM.000009	"{""keep"": true, ""suggested_class"": ""1A"", ""notes"": ""Has exact synonym TF antigen.""}"
GGM.000010	H antigen (type 3)	G94435QH		Blood group H|Blood group type 3	https://glycomotif.glyomics.org/glycomotif/GGM.000010	"{""keep"": true, ""suggested_class"": ""1A""}"
GGM.000011	A antigen (type 3)	G99315PE		Blood group A|Blood group type 3	https://glycomotif.glyomics.org/glycomotif/GGM.000011	"{""keep"": true, ""suggested_class"": ""1A""}"
GGM.000012	Sialyl Tn antigen	G36123IU			https://glycomotif.glyomics.org/glycomotif/GGM.000012	"{""keep"": true, ""suggested_class"": ""1A""}"
GGM.000013	Sialyl T antigen	G65562ZE			https://glycomotif.glyomics.org/glycomotif/GGM.000013	"{""keep"": true, ""suggested_class"": ""1A""}"
GGM.000014	Di-sialyl T antigen	G01614ZM			https://glycomotif.glyomics.org/glycomotif/GGM.000014	"{""keep"": true, ""suggested_class"": ""1A""}"
GGM.000015	a-Gal antigen	G24432YB	alpha-Gal antigen		https://glycomotif.glyomics.org/glycomotif/GGM.000015	"{""keep"": true, ""suggested_class"": ""1A""}"
GGM.000016	LacdiNAc	G31736BK	LDN	LacdiNAc|N,N'-diacetyllactosediamine	https://glycomotif.glyomics.org/glycomotif/GGM.000016	"{""keep"": true, ""suggested_class"": ""1B"", ""notes"": ""Has definition N,N'-diacetyllactosediamine.""}"
GGM.000017	Fucosylated LDN	G02240AO	LDNF	LacdiNAc|N,N'-diacetyllactosediamine	https://glycomotif.glyomics.org/glycomotif/GGM.000017	"{""keep"": true, ""suggested_class"": ""1B"", ""notes"": ""Has abbreviation LDNF. Has broad synonym LacdiNAc.""}"
GGM.000018	Lewis x	G01187XC	Lex|SSEA-1|Le^x	Lewis x	https://glycomotif.glyomics.org/glycomotif/GGM.000018	"{""keep"": true, ""suggested_class"": ""1A"", ""notes"": ""Has related synonym SSEA-1.""}"
GGM.000019	Lewis y	G49963IQ	Ley|Le^y	Lewis y	https://glycomotif.glyomics.org/glycomotif/GGM.000019	"{""keep"": true, ""suggested_class"": ""1A""}"
GGM.000020	Lewis a	G00047MO	Lea|Le^a	Lewis a	https://glycomotif.glyomics.org/glycomotif/GGM.000020	"{""keep"": true, ""suggested_class"": ""1A""}"
GGM.000021	Lewis b	G39211DH	Leb|Le^b	Lewis b	https://glycomotif.glyomics.org/glycomotif/GGM.000021	"{""keep"": true, ""suggested_class"": ""1A""}"
GGM.000022	Sialyl Lewis x	G00054MO	Slex|SLex|SLe^x	Lewis x	https://glycomotif.glyomics.org/glycomotif/GGM.000022	"{""keep"": true, ""suggested_class"": ""1A""}"
GGM.000024	Sialyl Lewis a	G00053MO	Slea|CA19-9 antigen|SLea|SLe^a	Lewis a	https://glycomotif.glyomics.org/glycomotif/GGM.000024	"{""keep"": true, ""suggested_class"": ""1A""}"
GGM.000025	6'-Sulfo-sialyl Lewis x	G00672PE	6'-Sulfo Sialyl Lewis x|6'-sulfo SLex|6'-sulfo SLe^x	Lewis x	https://glycomotif.glyomics.org/glycomotif/GGM.000025	"{""keep"": true, ""suggested_class"": ""1A"", ""notes"": ""Not to be confused with 6-Sulfo-sialyl Lewis x.""}"
GGM.000026	2,6-sialyl-Sulfo-LN	G43191LZ	6-sialyl-6-sulfo LN	LacNAc|N-acetyllactosamine	https://glycomotif.glyomics.org/glycomotif/GGM.000026	"{""keep"": true, ""suggested_class"": ""1B""}"
GGM.000027	6-Sulfo-sialyl Lewis x	G80722US	6-Sulfo Sialyl Lewis x|6-sulfo SLex|6-sulfo SLe^x	Lewis x	https://glycomotif.glyomics.org/glycomotif/GGM.000027	"{""keep"": true, ""suggested_class"": ""1A"", ""notes"": ""Not to be confused with 6'-Sulfo-sialyl Lewis x.""}"
GGM.000028	6,6'-bisSulfo-Lewis x	G00659GQ	6,6'-bissulfo Lex|6,6'-Disulfo Sialyl Lewis x|6,6'-bissulfo Le^x	Lewis x	https://glycomotif.glyomics.org/glycomotif/GGM.000028	"{""keep"": true, ""suggested_class"": ""1A""}"
GGM.000029	3'-Sulfo-Lewis x	G12295TB	3'-Sulfo Lewis x|3'-sulfo Lex|3'-sulfo Le^x	Lewis x	https://glycomotif.glyomics.org/glycomotif/GGM.000029	"{""keep"": true, ""suggested_class"": ""1A""}"
GGM.000030	3'-Sulfo-Lewis a	G78706CK	3'-Sulfo Lewis a|3'-Sulfo Lea|3'-Sulfo Le^a	Lewis a	https://glycomotif.glyomics.org/glycomotif/GGM.000030	"{""keep"": true, ""suggested_class"": ""1A""}"
GGM.000031	Lex-Lex	G79535HZ	Le^x-Le^x	Lewis x	https://glycomotif.glyomics.org/glycomotif/GGM.000031	"{""keep"": true, ""suggested_class"": ""1A""}"
GGM.000032	SDLex	G19619KS	SDLe^x	Lewis x	https://glycomotif.glyomics.org/glycomotif/GGM.000032	"{""keep"": true, ""suggested_class"": ""1A""}"
GGM.000033	VIM-2	G22418PV			https://glycomotif.glyomics.org/glycomotif/GGM.000033	"{""keep"": true, ""suggested_class"": ""1A""}"
GGM.000034	3-Sialyl-LN (type 2)	G10203DW		LacNAc|N-acetyllactosamine|N-acetyllactosamine type 2	https://glycomotif.glyomics.org/glycomotif/GGM.000034	"{""keep"": true, ""suggested_class"": ""1B""}"
GGM.000035	6-Sialyl-GalNAc	G73708UL	6-Sialyl LN (type 1)|6-Sialyl LN (type 2)		https://glycomotif.glyomics.org/glycomotif/GGM.000035	"{""keep"": true, ""suggested_class"": ""2A"", ""notes"": ""raw_synonyms manually removed.""}"
GGM.000036	Blood group H (type 2)	G61459JW		Blood group H|Blood group type 2	https://glycomotif.glyomics.org/glycomotif/GGM.000036	"{""keep"": true, ""suggested_class"": ""1A"", ""notes"": ""Has broad synonym Blood group H. Has broad synonym Blood group type 2.""}"
GGM.000037	Blood group B (type 2)	G94956AW		Blood group B|Blood group type 2	https://glycomotif.glyomics.org/glycomotif/GGM.000037	"{""keep"": true, ""suggested_class"": ""1A""}"
GGM.000038	Blood group A (type 2)	G74353FF		Blood group A|Blood group type 2	https://glycomotif.glyomics.org/glycomotif/GGM.000038	"{""keep"": true, ""suggested_class"": ""1A""}"
GGM.000039	Blood group A (type 2) - Lewis y	G54826OZ	A-Ley|A-Le^y	Blood group A|Blood group type 2|Lewis y	https://glycomotif.glyomics.org/glycomotif/GGM.000039	"{""keep"": true, ""suggested_class"": ""1A""}"
GGM.000040	Blood group A1 (type 3)	G44060QH		Blood group A|Blood group type 3	https://glycomotif.glyomics.org/glycomotif/GGM.000040	"{""keep"": true, ""suggested_class"": ""1A""}"
GGM.000041	Blood group A2 (A-associated H type 3)	G62735WZ		Blood group A|Blood group type 3	https://glycomotif.glyomics.org/glycomotif/GGM.000041	"{""keep"": true, ""suggested_class"": ""1A""}"
GGM.000042	Blood group H (type 1)	G40696TO		Blood group H|Blood group type 1	https://glycomotif.glyomics.org/glycomotif/GGM.000042	"{""keep"": true, ""suggested_class"": ""1A""}"
GGM.000043	Blood group B (type 1)	G31734OS		Blood group B|Blood group type 1	https://glycomotif.glyomics.org/glycomotif/GGM.000043	"{""keep"": true, ""suggested_class"": ""1A""}"
GGM.000044	Blood group A (type 1)	G66163TI		Blood group A|Blood group type 1	https://glycomotif.glyomics.org/glycomotif/GGM.000044	"{""keep"": true, ""suggested_class"": ""1A""}"
GGM.000045	Blood group H (type 2) - Lewis y	G00052MO	H-Ley|H-Le^y	Blood group H|Blood group type 2|Lewis y	https://glycomotif.glyomics.org/glycomotif/GGM.000045	"{""keep"": true, ""suggested_class"": ""1A""}"
GGM.000046	Blood group B (type 1) - Lewis b	G89208KM	B-Leb|B-Le^b	Blood group B|Blood group type 1|Lewis b	https://glycomotif.glyomics.org/glycomotif/GGM.000046	"{""keep"": true, ""suggested_class"": ""1A""}"
GGM.000047	Blood group A (type 1) - Lewis b	G97501MA	A-Leb|A-Le^b	Blood group A|Blood group type 1|Lewis b	https://glycomotif.glyomics.org/glycomotif/GGM.000047	"{""keep"": true, ""suggested_class"": ""1A""}"
GGM.000049	4'-sulfated LDN	G18464VS		LacdiNAc|N,N'-diacetyllactosediamine	https://glycomotif.glyomics.org/glycomotif/GGM.000049	"{""keep"": true, ""suggested_class"": ""1B""}"
GGM.000050	Sialylated LDN	G55583HW		LacdiNAc|N,N'-diacetyllactosediamine	https://glycomotif.glyomics.org/glycomotif/GGM.000050	"{""keep"": true, ""suggested_class"": ""1B""}"
GGM.000051	Sda/CT antigen	G41052GC	Sd^a/CT antigen		https://glycomotif.glyomics.org/glycomotif/GGM.000051	"{""keep"": true, ""suggested_class"": ""1A""}"
GGM.000053	SLex Core 2 O-glycan	G97345NY	SLe^x Core 2 O-glycan	Lewis x	https://glycomotif.glyomics.org/glycomotif/GGM.000053	"{""keep"": true, ""suggested_class"": ""1A""}"
GGM.000054	Diphosphorylated Man6	G10907PF	Diphosphorylated Man_6		https://glycomotif.glyomics.org/glycomotif/GGM.000054	"{""keep"": true, ""suggested_class"": ""2D""}"
GGM.000055	O-Linked mannose	G59126YU			https://glycomotif.glyomics.org/glycomotif/GGM.000055	"{""keep"": true, ""suggested_class"": ""2B""}"
GGM.000056	2,6-Branched O-mannose	G06953DR			https://glycomotif.glyomics.org/glycomotif/GGM.000056	"{""keep"": true, ""suggested_class"": ""2C""}"
GGM.000057	O-Mannose Lex	G81516LH	O-Mannose Le^x	Lewis x	https://glycomotif.glyomics.org/glycomotif/GGM.000057	"{""keep"": true, ""suggested_class"": ""1A""}"
GGM.000058	HNK-1 antigen	G53277CD			https://glycomotif.glyomics.org/glycomotif/GGM.000058	"{""keep"": true, ""suggested_class"": ""1A""}"
GGM.000059	HNK-1 on O-mannose	G06898ZN			https://glycomotif.glyomics.org/glycomotif/GGM.000059	"{""keep"": true, ""suggested_class"": ""1A""}"
GGM.000060	Glucosylceramide	G71142DF		Glycolipid	https://glycomotif.glyomics.org/glycomotif/GGM.000060	"{""keep"": true, ""suggested_class"": ""1A""}"
GGM.000061	Galactosylceramide	G65889KE		Glycolipid	https://glycomotif.glyomics.org/glycomotif/GGM.000061	"{""keep"": true, ""suggested_class"": ""1A""}"
GGM.000062	Seminolipid	G72548RZ		Glycolipid	https://glycomotif.glyomics.org/glycomotif/GGM.000062	"{""keep"": true}"
GGM.000063	Sulfatide	G72548RZ		Glycolipid	https://glycomotif.glyomics.org/glycomotif/GGM.000063	"{""keep"": true, ""suggested_class"": ""1A""}"
GGM.000064	Lactosylceramide	G84224TW		Glycolipid	https://glycomotif.glyomics.org/glycomotif/GGM.000064	"{""keep"": true, ""suggested_class"": ""1A""}"
GGM.000065	Ceramide dihexosyl sulfate	G50926NK		Glycolipid	https://glycomotif.glyomics.org/glycomotif/GGM.000065	"{""keep"": true, ""suggested_class"": ""1B""}"
GGM.000066	Monosulfated gangliotetraosylceramide	G96596OC		Glycolipid	https://glycomotif.glyomics.org/glycomotif/GGM.000066	"{""keep"": true, ""suggested_class"": ""1A""}"
GGM.000067	Lactotriaosylceramide	G06239NA	Lc3|Lc_3	Glycolipid	https://glycomotif.glyomics.org/glycomotif/GGM.000067	"{""keep"": true, ""suggested_class"": ""1A""}"
GGM.000068	Pk antigen	G00059MO	P^k antigen|Gb3|Gb_3|globotriaosylceramide	Glycolipid	https://glycomotif.glyomics.org/glycomotif/GGM.000068	"{""keep"": true, ""suggested_class"": ""1A""}"
GGM.000069	P1 antigen	G12460DL		Glycolipid	https://glycomotif.glyomics.org/glycomotif/GGM.000069	"{""keep"": true, ""suggested_class"": ""1A""}"
GGM.000070	Globoside	G00061MO	P antigen|Gb4|Cytolipin K|Globoside I|Globotetraosylceramide	Glycolipid	https://glycomotif.glyomics.org/glycomotif/GGM.000070	"{""keep"": true, ""suggested_class"": ""1A"", ""preferred_label_override"": ""Has related synonym P antigen. Has related synonym Cytolipin K. Has narrow synonym Globoside I. Has related synonym Globotetraosylceramide.""}"
GGM.000071	Isoglobotetraosylceramide	G57710SU		Glycolipid	https://glycomotif.glyomics.org/glycomotif/GGM.000071	"{""keep"": true, ""suggested_class"": ""1A""}"
GGM.000072	Mono-sulfated globopentaosylceramide	G80193TN		Glycolipid	https://glycomotif.glyomics.org/glycomotif/GGM.000072	"{""keep"": true, ""suggested_class"": ""1A""}"
GGM.000073	Mono-sulfated globotetraosylceramide	G05297EK		Glycolipid	https://glycomotif.glyomics.org/glycomotif/GGM.000073	"{""keep"": true, ""suggested_class"": ""1A""}"
GGM.000074	Sulfo-isogloboside	G56133NW	Mono-sulfated isoglobotetraosylceramide	Glycolipid	https://glycomotif.glyomics.org/glycomotif/GGM.000074	"{""keep"": true, ""suggested_class"": ""1A""}"
GGM.000075	LcGg4	G62554JH		Glycolipid	https://glycomotif.glyomics.org/glycomotif/GGM.000075	"{""keep"": true, ""suggested_class"": ""1A""}"
GGM.000076	Gb5	G99053DY	Globopentaosylceramide	Glycolipid	https://glycomotif.glyomics.org/glycomotif/GGM.000076	"{""keep"": true, ""suggested_class"": ""1A""}"
GGM.000077	Paragloboside	G58896AZ		Glycolipid	https://glycomotif.glyomics.org/glycomotif/GGM.000077	"{""keep"": true, ""suggested_class"": ""1A""}"
GGM.000078	GL-6 fucosylated	G98465JN	globoH	Glycolipid	https://glycomotif.glyomics.org/glycomotif/GGM.000078	"{""keep"": true, ""suggested_class"": ""1A""}"
GGM.000079	SSEA-3	G99053DY		Glycolipid	https://glycomotif.glyomics.org/glycomotif/GGM.000079	"{""keep"": true, ""suggested_class"": ""1A""}"
GGM.000080	GL-7 globoseries ganglioside	G32254QI	SSEA-4	Glycolipid	https://glycomotif.glyomics.org/glycomotif/GGM.000080	"{""keep"": true, ""suggested_class"": ""1A""}"
GGM.000081	Sialosyl paragloboside	G50123ZO		Glycolipid	https://glycomotif.glyomics.org/glycomotif/GGM.000081	"{""keep"": true, ""suggested_class"": ""1A""}"
GGM.000082	Disialosyl globopentaosylceramide	G97932OH		Glycolipid	https://glycomotif.glyomics.org/glycomotif/GGM.000082	"{""keep"": true, ""suggested_class"": ""1A""}"
GGM.000083	Cytolipin R	G57710SU		Glycolipid	https://glycomotif.glyomics.org/glycomotif/GGM.000083	"{""keep"": true, ""suggested_class"": ""1A""}"
GGM.000084	Forssman glycolipid	G80062GG	Globopentosylceramide|Forssman antigen	Glycolipid	https://glycomotif.glyomics.org/glycomotif/GGM.000084	"{""keep"": true, ""suggested_class"": ""1A"", ""notes"": ""Has exact synonym Forssman antigen. Has related synonym Globopentosylceramide.""}"
GGM.000085	para-Forssman glycolipid	G51699SI		Glycolipid	https://glycomotif.glyomics.org/glycomotif/GGM.000085	"{""keep"": true, ""suggested_class"": ""1A""}"
GGM.000086	Blood group H (type 4)	G98465JN		Blood group H|Blood group type 4|Glycolipid	https://glycomotif.glyomics.org/glycomotif/GGM.000086	"{""keep"": true, ""suggested_class"": ""1A""}"
GGM.000087	Blood group B (type 4)	G25216QA		Blood group B|Blood group type 4|Glycolipid	https://glycomotif.glyomics.org/glycomotif/GGM.000087	"{""keep"": true, ""suggested_class"": ""1A""}"
GGM.000088	Blood group A (type 4)	G37830TX		Blood group A|Blood group type 4|Glycolipid	https://glycomotif.glyomics.org/glycomotif/GGM.000088	"{""keep"": true, ""suggested_class"": ""1A""}"
GGM.000089	GM4	G30207PZ		Glycolipid|Monosialylated ganglioside	https://glycomotif.glyomics.org/glycomotif/GGM.000089	"{""keep"": true, ""suggested_class"": ""1A""}"
GGM.000090	GM3	G91237TK		Glycolipid	https://glycomotif.glyomics.org/glycomotif/GGM.000090	"{""keep"": true, ""suggested_class"": ""1A""}"
GGM.000091	GD3	G98544DH		Disialylated ganglioside|Glycolipid	https://glycomotif.glyomics.org/glycomotif/GGM.000091	"{""keep"": true, ""suggested_class"": ""1A""}"
GGM.000092	GT3	G93899SO		Glycolipid|Trisialylated ganglioside	https://glycomotif.glyomics.org/glycomotif/GGM.000092	"{""keep"": true, ""suggested_class"": ""1A""}"
GGM.000093	9-O-Acetyl GD3	G98544DH		Disialylated ganglioside|Glycolipid	https://glycomotif.glyomics.org/glycomotif/GGM.000093	"{""keep"": true, ""suggested_class"": ""1A""}"
GGM.000094	GD2	G02657AK		Disialylated ganglioside|Glycolipid	https://glycomotif.glyomics.org/glycomotif/GGM.000094	"{""keep"": true, ""suggested_class"": ""1A""}"
GGM.000095	GM2	G79389NT		Glycolipid|Monosialylated ganglioside	https://glycomotif.glyomics.org/glycomotif/GGM.000095	"{""keep"": true, ""suggested_class"": ""1A""}"
GGM.000096	N-Glycolyl-GM2	G56478LD		Glycolipid	https://glycomotif.glyomics.org/glycomotif/GGM.000096	"{""keep"": true, ""suggested_class"": ""1A""}"
GGM.000097	Sialopentaosylceramide	G13224CR		Glycolipid	https://glycomotif.glyomics.org/glycomotif/GGM.000097	"{""keep"": true, ""suggested_class"": ""1A""}"
GGM.000098	GM1	G48558GR		Glycolipid|Monosialylated ganglioside	https://glycomotif.glyomics.org/glycomotif/GGM.000098	"{""keep"": true, ""suggested_class"": ""1A""}"
GGM.000099	Asialo-GM1	G21856LC	Gangliotetraosylceramide	Glycolipid	https://glycomotif.glyomics.org/glycomotif/GGM.000099	"{""keep"": true, ""suggested_class"": ""1A""}"
GGM.000100	cisGM1	G03277YI	GM1b	Glycolipid|Monosialylated ganglioside	https://glycomotif.glyomics.org/glycomotif/GGM.000100	"{""keep"": true, ""suggested_class"": ""1A""}"
GGM.000101	2-Fucosyl-GM1	G91532KA		Glycolipid|Monosialylated ganglioside	https://glycomotif.glyomics.org/glycomotif/GGM.000101	"{""keep"": true, ""suggested_class"": ""1A""}"
GGM.000102	B-GM1	G11485ID		Glycolipid|Monosialylated ganglioside	https://glycomotif.glyomics.org/glycomotif/GGM.000102	"{""keep"": true, ""suggested_class"": ""1A""}"
GGM.000103	2-Fucosyl-GD1b	G93694YU		Disialylated ganglioside|Glycolipid	https://glycomotif.glyomics.org/glycomotif/GGM.000103	"{""keep"": true, ""suggested_class"": ""1A""}"
GGM.000104	B-GD1b	G72557NR		Disialylated ganglioside|Glycolipid	https://glycomotif.glyomics.org/glycomotif/GGM.000104	"{""keep"": true, ""suggested_class"": ""1A""}"
GGM.000105	GD1	G81983KG	GD1c	Glycolipid	https://glycomotif.glyomics.org/glycomotif/GGM.000105	"{""keep"": true, ""suggested_class"": ""1A"", ""preferred_label_override"": ""GD1c""}"
GGM.000106	GD1a	G45714BQ	GD1alpha	Glycolipid	https://glycomotif.glyomics.org/glycomotif/GGM.000106	"{""keep"": true, ""suggested_class"": ""1A"", ""preferred_label_override"": ""GD1a-alpha"", ""notes"": ""Description: this refers to GD1a-alpha, not GD1a.""}"
GGM.000107	GD1a	G46677TE		Glycolipid	https://glycomotif.glyomics.org/glycomotif/GGM.000107	"{""keep"": true, ""suggested_class"": ""1A"", ""notes"": ""Not to be confused with: GD1a-alpha""}"
GGM.000108	GD1b	G37184KW		Glycolipid	https://glycomotif.glyomics.org/glycomotif/GGM.000108	"{""keep"": true, ""suggested_class"": ""1A""}"
GGM.000109	GT2	G36476BA		Glycolipid|Trisialylated ganglioside	https://glycomotif.glyomics.org/glycomotif/GGM.000109	"{""keep"": true, ""suggested_class"": ""1A""}"
GGM.000110	GT1a	G68110IF		Glycolipid|Trisialylated ganglioside	https://glycomotif.glyomics.org/glycomotif/GGM.000110	"{""keep"": true, ""suggested_class"": ""1A""}"
GGM.000111	GT1aa	G02149VR	GT1aalpha	Glycolipid|Trisialylated ganglioside	https://glycomotif.glyomics.org/glycomotif/GGM.000111	"{""keep"": true, ""suggested_class"": ""1A"", ""preferred_label_override"": ""GT1a-alpha""}"
GGM.000112	GT1b	G40183QN		Glycolipid|Trisialylated ganglioside	https://glycomotif.glyomics.org/glycomotif/GGM.000112	"{""keep"": true, ""suggested_class"": ""1A""}"
GGM.000113	GT1c	G78818SP		Glycolipid|Trisialylated ganglioside	https://glycomotif.glyomics.org/glycomotif/GGM.000113	"{""keep"": true, ""suggested_class"": ""1A""}"
GGM.000114	GQ1aa	G90598GO	GQ1aalpha	Glycolipid|Tetrasialylated ganglioside	https://glycomotif.glyomics.org/glycomotif/GGM.000114	"{""keep"": true, ""suggested_class"": ""1A"", ""preferred_label_override"": ""GQ1a-alpha""}"
GGM.000115	GQ1b	G18625KA		Glycolipid|Tetrasialylated ganglioside	https://glycomotif.glyomics.org/glycomotif/GGM.000115	"{""keep"": true, ""suggested_class"": ""1A""}"
GGM.000116	GQ1ba	G54733XO	GQ1balpha	Glycolipid|Tetrasialylated ganglioside	https://glycomotif.glyomics.org/glycomotif/GGM.000116	"{""keep"": true, ""suggested_class"": ""1A"", ""preferred_label_override"": ""GQ1b-alpha""}"
GGM.000117	GQ1c	G99524KA		Glycolipid|Tetrasialylated ganglioside	https://glycomotif.glyomics.org/glycomotif/GGM.000117	"{""keep"": true, ""suggested_class"": ""1A""}"
GGM.000118	GP1c	G93805MV		Glycolipid|Pentasialylated ganglioside	https://glycomotif.glyomics.org/glycomotif/GGM.000118	"{""keep"": true, ""suggested_class"": ""1A""}"
GGM.000119	GP1ca	G04433GV	GP1calpha	Glycolipid|Pentasialylated ganglioside	https://glycomotif.glyomics.org/glycomotif/GGM.000119	"{""keep"": true, ""suggested_class"": ""1A"", ""preferred_label_override"": ""GP1c-alpha""}"
GGM.000120	GH1ca	G14091MR	GH1calpha	Glycolipid|Hexasialylated ganglioside	https://glycomotif.glyomics.org/glycomotif/GGM.000120	"{""keep"": true, ""suggested_class"": ""1A"", ""preferred_label_override"": ""GH1c-alpha""}"
GGM.000121	Mono-fucosyl LN5	G64227KZ	Mono-fucosyl LN_5	Glycolipid|LacNAc|N-acetyllactosamine	https://glycomotif.glyomics.org/glycomotif/GGM.000121	"{""keep"": true, ""suggested_class"": ""1B""}"
GGM.000122	Mono-fucosyl LN3	G65223RT	Mono-fucosyl LN_3	Glycolipid|LacNAc|N-acetyllactosamine	https://glycomotif.glyomics.org/glycomotif/GGM.000122	"{""keep"": true, ""suggested_class"": ""1B""}"
GGM.000201	B antigen (type 3)	G88313DY		Blood group B|Blood group type 3	https://glycomotif.glyomics.org/glycomotif/GGM.000201	"{""keep"": true, ""suggested_class"": ""1A""}"
GGM.000252	Polysialic acid	G77612ZC			https://glycomotif.glyomics.org/glycomotif/GGM.000252	"{""keep"": true, ""suggested_class"": ""1B""}"
GGM.001001	N-Glycan core basic	G00026MO		N-glycan classification	https://glycomotif.glyomics.org/glycomotif/GGM.001001	"{""keep"": true, ""suggested_class"": ""1B"", ""preferred_label_override"": ""N-Glycan core""}"
GGM.001002	N-Glycan high mannose	G00028MO		N-glycan classification	https://glycomotif.glyomics.org/glycomotif/GGM.001002	"{""keep"": true, ""suggested_class"": ""1B""}"
GGM.001003	N-Glycan hybrid	G19610CW		N-glycan classification	https://glycomotif.glyomics.org/glycomotif/GGM.001003	"{""keep"": true, ""suggested_class"": ""1B""}"
GGM.001004	N-Glycan complex	G35698AZ		N-glycan classification	https://glycomotif.glyomics.org/glycomotif/GGM.001004	"{""keep"": true, ""suggested_class"": ""1B""}"
GGM.001005	O-Glycan core 1	G00031MO		Mucin-type O-glycan core|O-glycan classification	https://glycomotif.glyomics.org/glycomotif/GGM.001005	"{""keep"": true, ""suggested_class"": ""1A""}"
GGM.001007	O-Glycan core 2	G00033MO		Mucin-type O-glycan core|O-glycan classification	https://glycomotif.glyomics.org/glycomotif/GGM.001007	"{""keep"": true, ""suggested_class"": ""1A""}"
GGM.001009	O-Glycan core 3	G00035MO		Mucin-type O-glycan core|O-glycan classification	https://glycomotif.glyomics.org/glycomotif/GGM.001009	"{""keep"": true, ""suggested_class"": ""1A""}"
GGM.001011	O-Glycan core 4	G00037MO		Mucin-type O-glycan core|O-glycan classification	https://glycomotif.glyomics.org/glycomotif/GGM.001011	"{""keep"": true, ""suggested_class"": ""1A""}"
GGM.001013	O-Glycan core 5	G00039MO		Mucin-type O-glycan core|O-glycan classification	https://glycomotif.glyomics.org/glycomotif/GGM.001013	"{""keep"": true, ""suggested_class"": ""1A""}"
GGM.001015	O-Glycan core 6	G00041MO		Mucin-type O-glycan core|O-glycan classification	https://glycomotif.glyomics.org/glycomotif/GGM.001015	"{""keep"": true, ""suggested_class"": ""1A""}"
GGM.001017	O-Glycan core 7	G00043MO		Mucin-type O-glycan core|O-glycan classification	https://glycomotif.glyomics.org/glycomotif/GGM.001017	"{""keep"": true, ""suggested_class"": ""1A""}"
GGM.001019	O-Mannose	G23707SD		O-glycan classification	https://glycomotif.glyomics.org/glycomotif/GGM.001019	"{""keep"": true}"
GGM.001020	O-Fucose	G08324ZK	O-Fucose Core 1|O-Fucose Core Thrombospondin Type 1	O-glycan classification	https://glycomotif.glyomics.org/glycomotif/GGM.001020	"{""keep"": true, ""suggested_class"": ""1B"", ""preferred_label_override"": ""O-Fucose Core Thrombospondin Type 1""}"
GGM.001021	O-Fucose	G85661BQ	O-Fucose Core 2|O-Fucose Core EGF Type	O-glycan classification	https://glycomotif.glyomics.org/glycomotif/GGM.001021	"{""keep"": true, ""suggested_class"": ""1B"", ""preferred_label_override"": ""O-Fucose Core EGF Type""}"
GGM.001022	N-glycan core, truncated	G63560NE		N-glycan classification	https://glycomotif.glyomics.org/glycomotif/GGM.001022	"{""keep"": true, ""suggested_class"": ""2B""}"
GGM.001023	N-glycan core, bisected	G68395LV		N-glycan classification	https://glycomotif.glyomics.org/glycomotif/GGM.001023	"{""keep"": true, ""suggested_class"": ""1B""}"
GGM.001024	N-Glycan core, core-fucosylated	G68504BA		N-glycan classification	https://glycomotif.glyomics.org/glycomotif/GGM.001024	"{""keep"": true, ""suggested_class"": ""1B""}"
GGM.001025	N-Glycan core, arm-fucosylated	G05006NI		N-glycan classification	https://glycomotif.glyomics.org/glycomotif/GGM.001025	"{""keep"": true, ""suggested_class"": ""1B""}"
GGM.001028	O-GlcNAc	G49108TO		O-glycan classification	https://glycomotif.glyomics.org/glycomotif/GGM.001028	"{""keep"": true, ""suggested_class"": ""2B""}"
GGM.001029	Human milk oligosaccharide	G15541SE	Milk Sugar Core		https://glycomotif.glyomics.org/glycomotif/GGM.001029	"{""keep"": true, ""suggested_class"": ""3C"", ""preferred_label_override"": ""Human milk oligosaccharide core""}"
GGM.001030	GPI anchor	G46392BZ			https://glycomotif.glyomics.org/glycomotif/GGM.001030	"{""keep"": true, ""suggested_class"": ""1A""}"
GGM.001031	O-Glucosylation	G71142DF		O-glycan classification	https://glycomotif.glyomics.org/glycomotif/GGM.001031	"{""keep"": true}"
GGM.001032	O-Glycan core 8	G76355TG		Mucin-type O-glycan core|O-glycan classification	https://glycomotif.glyomics.org/glycomotif/GGM.001032	"{""keep"": true, ""suggested_class"": ""1A""}"
GGM.001033	O-Glycan core 8 fuzzy	G09127IA		Mucin-type O-glycan core|O-glycan classification	https://glycomotif.glyomics.org/glycomotif/GGM.001033	"{""keep"": true, ""suggested_class"": ""1A""}"
GGM.001034	O-Glycan O-GalNAc Core	G39738WL		Mucin-type O-glycan core|O-glycan classification	https://glycomotif.glyomics.org/glycomotif/GGM.001034	"{""keep"": true, ""preferred_label_override"": ""O-GalNAc Core""}"
GGM.001035	O-Glycan O-Fucose Core	G49112ZN		O-glycan classification	https://glycomotif.glyomics.org/glycomotif/GGM.001035	"{""keep"": true, ""preferred_label_override"": ""O-Fucose Core""}"
GGM.001036	O-Glycan O-Mannose Core	G76001GO		O-glycan classification	https://glycomotif.glyomics.org/glycomotif/GGM.001036	"{""keep"": true, ""preferred_label_override"": ""O-Mannose Core""}"
GGM.001037	N-Glycan biantennary	G98414DB		N-glycan classification	https://glycomotif.glyomics.org/glycomotif/GGM.001037	"{""keep"": true, ""suggested_class"": ""1B""}"
GGM.001038	N-Glycan triantennary	G59096WE		N-glycan classification	https://glycomotif.glyomics.org/glycomotif/GGM.001038	"{""keep"": true, ""suggested_class"": ""1B""}"
GGM.001039	N-Glycan tetraantennary	G33451SJ		N-glycan classification	https://glycomotif.glyomics.org/glycomotif/GGM.001039	"{""keep"": true, ""suggested_class"": ""1B""}"
GGM.001040	O-GlcNAc Core EGF Type	G66213AR		O-glycan classification	https://glycomotif.glyomics.org/glycomotif/GGM.001040	"{""keep"": true, ""suggested_class"": ""3C""}"
GGM.001041	N-glycan core, truncated	G59883YF		N-glycan classification	https://glycomotif.glyomics.org/glycomotif/GGM.001041	"{""keep"": true, ""suggested_class"": ""1B""}"
GGM.001101	Glycosphingolipid Isoglobo series	G00012MO		Glycosphingolipid classification	https://glycomotif.glyomics.org/glycomotif/GGM.001101	"{""keep"": true, ""suggested_class"": ""3A""}"
GGM.001102	Glycosphingolipid Muco series	G00013MO		Glycosphingolipid classification	https://glycomotif.glyomics.org/glycomotif/GGM.001102	"{""keep"": true, ""suggested_class"": ""3A""}"
GGM.001103	Glycosphingolipid Arthro series	G00014MO		Glycosphingolipid classification	https://glycomotif.glyomics.org/glycomotif/GGM.001103	"{""keep"": true, ""suggested_class"": ""3A""}"
GGM.001104	Glycosphingolipid Mollu series	G00015MO		Glycosphingolipid classification	https://glycomotif.glyomics.org/glycomotif/GGM.001104	"{""keep"": true, ""suggested_class"": ""3A""}"
GGM.001105	Glycosphingolipid Gala series	G00016MO		Glycosphingolipid classification	https://glycomotif.glyomics.org/glycomotif/GGM.001105	"{""keep"": true, ""suggested_class"": ""3A""}"
GGM.001106	Glycosphingolipid Lacto series	G00069MO		Glycosphingolipid classification	https://glycomotif.glyomics.org/glycomotif/GGM.001106	"{""keep"": true, ""suggested_class"": ""3A""}"
GGM.001107	Glycosphingolipid Neo-lacto series	G00070MO		Glycosphingolipid classification	https://glycomotif.glyomics.org/glycomotif/GGM.001107	"{""keep"": true, ""suggested_class"": ""3A""}"
GGM.001108	Glycosphingolipid Ganglio series	G00071MO		Glycosphingolipid classification	https://glycomotif.glyomics.org/glycomotif/GGM.001108	"{""keep"": true, ""suggested_class"": ""3A""}"
GGM.001109	Glycosphingolipid Globo series	G99312NX		Glycosphingolipid classification	https://glycomotif.glyomics.org/glycomotif/GGM.001109	"{""keep"": true, ""suggested_class"": ""3A""}"
GGM.001201	GAG Core 1a	G24334HE		GAG classification	https://glycomotif.glyomics.org/glycomotif/GGM.001201	"{""keep"": true, ""suggested_class"": ""1A"", ""preferred_label_override"": ""Has broad synonym GAG Core.""}"
GGM.001202	GAG Core 1b	G68167JE		GAG classification	https://glycomotif.glyomics.org/glycomotif/GGM.001202	"{""keep"": true, ""suggested_class"": ""1A"", ""preferred_label_override"": ""Has broad synonym GAG Core.""}"
GGM.001203	GAG Core 2a	G47726BP		GAG classification	https://glycomotif.glyomics.org/glycomotif/GGM.001203	"{""keep"": true, ""suggested_class"": ""1A"", ""preferred_label_override"": ""Has broad synonym GAG Core.""}"
GGM.001204	GAG Core 2b	G99404VQ		GAG classification	https://glycomotif.glyomics.org/glycomotif/GGM.001204	"{""keep"": true, ""suggested_class"": ""1A"", ""preferred_label_override"": ""Has broad synonym GAG Core.""}"
GGM.001205	GAG Core 3a	G71799OV		GAG classification	https://glycomotif.glyomics.org/glycomotif/GGM.001205	"{""keep"": true, ""suggested_class"": ""1A"", ""preferred_label_override"": ""Has broad synonym GAG Core.""}"
GGM.001206	GAG Core 3b	G17755DI		GAG classification	https://glycomotif.glyomics.org/glycomotif/GGM.001206	"{""keep"": true, ""suggested_class"": ""1A"", ""preferred_label_override"": ""Has broad synonym GAG Core.""}"
GGM.001207	GAG Core 4a	G20313XP		GAG classification	https://glycomotif.glyomics.org/glycomotif/GGM.001207	"{""keep"": true, ""suggested_class"": ""1A"", ""preferred_label_override"": ""Has broad synonym GAG Core.""}"
GGM.001208	GAG Core 4b	G35577IC		GAG classification	https://glycomotif.glyomics.org/glycomotif/GGM.001208	"{""keep"": true, ""suggested_class"": ""1A"", ""preferred_label_override"": ""Has broad synonym GAG Core.""}"
GGM.001209	GAG Core 5a	G83003HU		GAG classification	https://glycomotif.glyomics.org/glycomotif/GGM.001209	"{""keep"": true, ""suggested_class"": ""1A"", ""preferred_label_override"": ""Has broad synonym GAG Core.""}"
GGM.001210	GAG Core 5b	G09365IF		GAG classification	https://glycomotif.glyomics.org/glycomotif/GGM.001210	"{""keep"": true, ""suggested_class"": ""1A"", ""preferred_label_override"": ""Has broad synonym GAG Core.""}"
GGM.001211	GAG Core 6a	G40737XM		GAG classification	https://glycomotif.glyomics.org/glycomotif/GGM.001211	"{""keep"": true, ""suggested_class"": ""1A"", ""preferred_label_override"": ""Has broad synonym GAG Core.""}"
GGM.001212	GAG Core 6b	G01966AZ		GAG classification	https://glycomotif.glyomics.org/glycomotif/GGM.001212	"{""keep"": true, ""suggested_class"": ""1A"", ""preferred_label_override"": ""Has broad synonym GAG Core.""}"
GGM.001213	GAG Core 7a	G81019IW		GAG classification	https://glycomotif.glyomics.org/glycomotif/GGM.001213	"{""keep"": true, ""suggested_class"": ""1A"", ""preferred_label_override"": ""Has broad synonym GAG Core.""}"
GGM.001214	GAG Core 7b	G58965WY		GAG classification	https://glycomotif.glyomics.org/glycomotif/GGM.001214	"{""keep"": true, ""suggested_class"": ""1A"", ""preferred_label_override"": ""Has broad synonym GAG Core.""}"
