name	sequence	category	detail_url	bgsl_curator_meta
Blood group A antigen tetraose type 1	GalNAc a1-3 (Fuc a1-2) Gal b1-3 GlcNAc b	Blood group A antigens	https://glyco3d.cermav.cnrs.fr/mol.php?type=bioligo&molecule=2116	"{""keep"": true, ""suggested_class"": ""1A""}"
Blood group A antigen hexaose type 1	GalNAc a1-3 (Fuc a1-2) Gal b1-3 GlcNAc b1-3 Gal b1-4 Glc	Blood group A antigens	https://glyco3d.cermav.cnrs.fr/mol.php?type=bioligo&molecule=2117	"{""keep"": true, ""suggested_class"": ""1A""}"
Blood group A antigen hexaose type 2	GalNAc a1-3 (Fuc a1-2) Gal b1-4 GlcNAc b1-3 Gal b1-4 Glc	Blood group A antigens	https://glyco3d.cermav.cnrs.fr/mol.php?type=bioligo&molecule=2118	"{""keep"": true, ""suggested_class"": ""1A""}"
Blood group A antigen pentaose type 1	GalNAc a1-3 (Fuc a1-2) Gal b1-3 GlcNAc b1-3 Gal	Blood group A antigens	https://glyco3d.cermav.cnrs.fr/mol.php?type=bioligo&molecule=2119	"{""keep"": true, ""suggested_class"": ""1A""}"
Blood group A antigen pentaose type 2	GalNAc a1-3 (Fuc a1-2) Gal b1-4 GlcNAc b1-3 Gal	Blood group A antigens	https://glyco3d.cermav.cnrs.fr/mol.php?type=bioligo&molecule=2120	"{""keep"": true, ""suggested_class"": ""1A""}"
Blood group A antigen pentaose type 4	GalNAc a1-3 (Fuc a1-2) Gal b1-3 GalNAc b1-3 Gal	Blood group A antigens	https://glyco3d.cermav.cnrs.fr/mol.php?type=bioligo&molecule=2121	"{""keep"": true, ""suggested_class"": ""1A""}"
Blood group A antigen tetraose type 2	GalNAc a1-3 (Fuc a1-2) Gal b1-4 GlcNAc b	Blood group A antigens	https://glyco3d.cermav.cnrs.fr/mol.php?type=bioligo&molecule=2122	"{""keep"": true, ""suggested_class"": ""1A""}"
Blood group A antigen tetraose type 5	GalNAc a1-3 (Fuc a1-2) Gal b1-4 Glc	Blood group A antigens	https://glyco3d.cermav.cnrs.fr/mol.php?type=bioligo&molecule=2123	"{""keep"": true, ""suggested_class"": ""1A""}"
Blood group A antigen triose	GalNAc a1-3 (Fuc a1-2) Gal b	Blood group A antigens	https://glyco3d.cermav.cnrs.fr/mol.php?type=bioligo&molecule=2124	"{""keep"": true, ""suggested_class"": ""1A""}"
Blood group A Lewis B antigen pentaose type1	GalNAc a1-3 (Fuc a1-2) Gal b1-3 (Fuc a1-4) GlcNAc	Blood group A antigens	https://glyco3d.cermav.cnrs.fr/mol.php?type=bioligo&molecule=2125	"{""keep"": true, ""suggested_class"": ""1A""}"
Blood group A Lewis Y antigen pentaose type2	GalNAc a1-3 (Fuc a1-2) Gal b1-4 (Fuc a1-3) GlcNAc	Blood group A antigens	https://glyco3d.cermav.cnrs.fr/mol.php?type=bioligo&molecule=2126	"{""keep"": true, ""suggested_class"": ""1A""}"
Blood group A antigen tetraose type 5	GalNAc a1-3 (Fuc a1-2) Gal b1-4 Glc	Blood group A antigens	https://glyco3d.cermav.cnrs.fr/mol.php?type=bioligo&molecule=2768	"{""keep"": true, ""suggested_class"": ""1A""}"
Blood group B antigen hexaose type 1	Gal a1-3 (Fuc a1-2) Gal b1-3 GlcNAc b1-3 Gal b1-4 Glc	Blood group B antigens	https://glyco3d.cermav.cnrs.fr/mol.php?type=bioligo&molecule=2127	"{""keep"": true, ""suggested_class"": ""1A""}"
Blood group B antigen hexaose type 2	Gal a1-3 (Fuc a1-2) Gal b1-4 GlcNAc b1-3 Gal b1-4 Glc	Blood group B antigens	https://glyco3d.cermav.cnrs.fr/mol.php?type=bioligo&molecule=2128	"{""keep"": true, ""suggested_class"": ""1A""}"
Blood group B antigen pentaose type 1	Gal a1-3 (Fuc a1-2) Gal b1-3 GlcNAc b1-3 Gal	Blood group B antigens	https://glyco3d.cermav.cnrs.fr/mol.php?type=bioligo&molecule=2129	"{""keep"": true, ""suggested_class"": ""1A""}"
Blood group B antigen pentaose type 2	Gal a1-3 (Fuc a1-2) Gal b1-4 GlcNAc b1-3 Gal	Blood group B antigens	https://glyco3d.cermav.cnrs.fr/mol.php?type=bioligo&molecule=2130	"{""keep"": true, ""suggested_class"": ""1A""}"
Blood group B antigen pentaose type 4	Gal a1-3 (Fuc a1-2) Gal b1-3 GalNAc b1-3 Gal	Blood group B antigens	https://glyco3d.cermav.cnrs.fr/mol.php?type=bioligo&molecule=2131	"{""keep"": true, ""suggested_class"": ""1A""}"
Blood group B antigen tetraose type 1	Gal a1-3 (Fuc a1-2) Gal b1-3 GlcNAc b	Blood group B antigens	https://glyco3d.cermav.cnrs.fr/mol.php?type=bioligo&molecule=2132	"{""keep"": true, ""suggested_class"": ""1A""}"
Blood group B antigen tetraose type 2	Gal a1-3 (Fuc a1-2) Gal b1-4 GlcNAc	Blood group B antigens	https://glyco3d.cermav.cnrs.fr/mol.php?type=bioligo&molecule=2133	"{""keep"": true, ""suggested_class"": ""1A""}"
Blood group B antigen tetraose type 5	Gal a1-3 (Fuc a1-2) Gal b1-4 Glc b	Blood group B antigens	https://glyco3d.cermav.cnrs.fr/mol.php?type=bioligo&molecule=2134	"{""keep"": true, ""suggested_class"": ""1A""}"
Blood group B antigen triose	Gal a1-3 (Fuc a1-2) Gal b	Blood group B antigens	https://glyco3d.cermav.cnrs.fr/mol.php?type=bioligo&molecule=2135	"{""keep"": true, ""suggested_class"": ""1A""}"
Blood group B Lewis Y antigen pentaose type1	Gal a1-3 (Fuc a1-2) Gal b1-3 (Fuc a1-4) GlcNAc	Blood group B antigens	https://glyco3d.cermav.cnrs.fr/mol.php?type=bioligo&molecule=2136	"{""keep"": true, ""suggested_class"": ""1A""}"
Blood group B Lewis Y antigen pentaose type2	Gal a1-3 (Fuc a1-2) Gal b1-4 (Fuc a1-3) GlcNAc	Blood group B antigens	https://glyco3d.cermav.cnrs.fr/mol.php?type=bioligo&molecule=2137	"{""keep"": true, ""suggested_class"": ""1A""}"
3-Fucosylated Blood group B tetraose	Gal a1-3 (Fuc a1-2) Gal b1-4 (Fuc a1-3) Glc	Blood group B antigens	https://glyco3d.cermav.cnrs.fr/mol.php?type=bioligo&molecule=2747	"{""keep"": true, ""suggested_class"": ""1A""}"
Blood group H antigen pentaose type 2	Fuc a1-2 Gal b1-4 GlcNAc b1-3 Gal b1-4 Glc	Blood group H antigens (Blood group O)	https://glyco3d.cermav.cnrs.fr/mol.php?type=bioligo&molecule=2138	"{""keep"": true, ""suggested_class"": ""1A""}"
Blood group H antigen tetraose type 1	Fuc a1-2 Gal b1-3 GlcNAc b1-3 Gal	Blood group H antigens (Blood group O)	https://glyco3d.cermav.cnrs.fr/mol.php?type=bioligo&molecule=2139	"{""keep"": true, ""suggested_class"": ""1A""}"
Blood group H antigen tetraose type 2	Fuc a1-2 Gal b1-4 GlcNAc b1-3 Gal	Blood group H antigens (Blood group O)	https://glyco3d.cermav.cnrs.fr/mol.php?type=bioligo&molecule=2140	"{""keep"": true, ""suggested_class"": ""1A""}"
Blood group H antigen triaose type 2	Fuc a1-2 Gal b1-4 GlcNAc b	Blood group H antigens (Blood group O)	https://glyco3d.cermav.cnrs.fr/mol.php?type=bioligo&molecule=2141	"{""keep"": true, ""suggested_class"": ""1A""}"
Blood group H antigen triose type 1	Fuc a1-2 Gal b1-3 GlcNAc b	Blood group H antigens (Blood group O)	https://glyco3d.cermav.cnrs.fr/mol.php?type=bioligo&molecule=2142	"{""keep"": true, ""suggested_class"": ""1A""}"
Blood group H antigen triose type 3	Fuc a1-2 Gal b1-3 GalNAc a	Blood group H antigens (Blood group O)	https://glyco3d.cermav.cnrs.fr/mol.php?type=bioligo&molecule=2143	"{""keep"": true, ""suggested_class"": ""1A""}"
Blood group H antigen triose type 4	Fuc a1-2 Gal b1-3 GalNAc b	Blood group H antigens (Blood group O)	https://glyco3d.cermav.cnrs.fr/mol.php?type=bioligo&molecule=2144	"{""keep"": true, ""suggested_class"": ""1A""}"
Blood group H antigen triose type 5	Fuc a1-2 Gal b1-4 Glc	Blood group H antigens (Blood group O)	https://glyco3d.cermav.cnrs.fr/mol.php?type=bioligo&molecule=2145	"{""keep"": true, ""suggested_class"": ""1A""}"
Blood group H antigen triose type 5 (2'-Fucosyllactose)	Fuc a1-2 Gal b1-4 Glc b	Blood group H antigens (Blood group O)	https://glyco3d.cermav.cnrs.fr/mol.php?type=bioligo&molecule=2146	"{""keep"": true, ""suggested_class"": ""1A"", ""preferred_label_override"": ""Blood group H antigen triose type 5"", ""notes"": ""Has structure 2'-fucosyllactose, not a free glycan, not referring to the HMO with the same structure.""}"
Blood group H antigen triose type 6	Fuc a1-2 Gal b1-4 Glc b	Blood group H antigens (Blood group O)	https://glyco3d.cermav.cnrs.fr/mol.php?type=bioligo&molecule=2147	"{""keep"": true, ""suggested_class"": ""1A""}"
Lacto-N-fucopentaose I	Fuc a1-2 Gal b1-3 GlcNAc b1-3 Gal b1-4 Glc b	Blood group H antigens (Blood group O)	https://glyco3d.cermav.cnrs.fr/mol.php?type=bioligo&molecule=2148	"{""keep"": true, ""suggested_class"": ""1A"", ""notes"": ""Has abbreviation LNFP I.""}"
LNT-2	GlcNAc b1-3 Gal b1-4 Glc b	Blood group H antigens (Blood group O)	https://glyco3d.cermav.cnrs.fr/mol.php?type=bioligo&molecule=2149	"{""keep"": true, ""suggested_class"": ""1A"", ""notes"": ""Is abbreviation of Lacto-N-tetraose.""}"
Blood Group H antigen tetraose type 1	Fuc a1-2 Gal b1-3 GlcNAc b1-3 Gal	Blood group H antigens (Blood group O)	https://glyco3d.cermav.cnrs.fr/mol.php?type=bioligo&molecule=2746	"{""keep"": true, ""suggested_class"": ""1A""}"
Blood group H antigen tetraose type 4 (Globo H tetraose)	Fuc a1-2 Gal b1-3 GalNAc b1-3 Gal	Blood group H antigens (Blood group O) and Globo H tetraose	https://glyco3d.cermav.cnrs.fr/mol.php?type=bioligo&molecule=2150	"{""keep"": true, ""suggested_class"": ""1A"", ""preferred_label_override"": ""Blood group H antigen tetraose type 4"", ""notes"": ""Has synonym Globo H tetraose. Not the full Globo H structure.""}"
Core 4	GlcNAc b1-3 (GlcNAc b1-6) GalNAc a	Core structures	https://glyco3d.cermav.cnrs.fr/mol.php?type=bioligo&molecule=2151	"{""keep"": true, ""suggested_class"": ""1A""}"
a2-3 Neu5Ac on Core 1	Neu5Ac a2-3 Gal b1-3 GalNAc a	Core structures (Type 1)	https://glyco3d.cermav.cnrs.fr/mol.php?type=bioligo&molecule=2156	"{""keep"": true, ""suggested_class"": ""1A""}"
Core type 1 triose	Gal b1-3 GlcNAc b1-4 Gal	Core structures (Type 1)	https://glyco3d.cermav.cnrs.fr/mol.php?type=bioligo&molecule=2157	"{""keep"": true, ""suggested_class"": ""1A""}"
Lacto-N-triose	GlcNAc b1-3 Gal b1-4 Glc	Core structures (Type 1)	https://glyco3d.cermav.cnrs.fr/mol.php?type=bioligo&molecule=2159	"{""keep"": true, ""suggested_class"": ""1A""}"
a-Galactose on Core 2	Gal b1-3 (Gal a1-3 Gal b1-4 GlcNAc b1-6) GalNAc a	Core structures (Type 2)	https://glyco3d.cermav.cnrs.fr/mol.php?type=bioligo&molecule=2161	"{""keep"": true, ""suggested_class"": ""1A""}"
b-galactosylated Core 2	Gal b1-3 (Gal b1-4 GlcNAc b1-6) GalNAc a	Core structures (Type 2)	https://glyco3d.cermav.cnrs.fr/mol.php?type=bioligo&molecule=2162	"{""keep"": true, ""suggested_class"": ""1A""}"
Core 2	Gal b1-3 (GlcNAc b1-6) GalNAc a	Core structures (Type 2)	https://glyco3d.cermav.cnrs.fr/mol.php?type=bioligo&molecule=2163	"{""keep"": true, ""suggested_class"": ""1A""}"
Core type 2 triose	Gal b1-4 GlcNAc b1-4 Gal	Core structures (Type 2)	https://glyco3d.cermav.cnrs.fr/mol.php?type=bioligo&molecule=2164	"{""keep"": true, ""suggested_class"": ""1A""}"
disialyl Core 2	Neu5Ac a2-3 Gal b1-3 (Neu5Ac a2-3 Gal b1-4 GlcNAc b1-6) GalNAc a	Core structures (Type 2)	https://glyco3d.cermav.cnrs.fr/mol.php?type=bioligo&molecule=2165	"{""keep"": true, ""suggested_class"": ""1A""}"
disialyl Core 2 with sLex on Core 2	Neu5Ac a2-3 Gal b1-3 (Neu5Ac a2-3 Gal b1-4 (Fuc a1-3) GlcNAc b1-6) GalNAc a	Core structures (Type 2)	https://glyco3d.cermav.cnrs.fr/mol.php?type=bioligo&molecule=2166	"{""keep"": true, ""suggested_class"": ""1A""}"
Lacto-N-neooctaose	Gal b1-4 GlcNAc b1-3 Gal b1-4 GlcNAc b1-3 Gal b1-4 GlcNAc b1-3 Gal b1-4 Glc	Core structures (Type 2)	https://glyco3d.cermav.cnrs.fr/mol.php?type=bioligo&molecule=2169	"{""keep"": true, ""suggested_class"": ""1A"", ""notes"": ""Has abbreviation LNnO.""}"
LN3 Type 2 [I antigen]	Gal b1-4 GlcNAc b1-3 Gal b1-4 GlcNAc b1-3 Gal b1-4 GlcNAc b	Core structures (Type 2)	https://glyco3d.cermav.cnrs.fr/mol.php?type=bioligo&molecule=2172	"{""keep"": true, ""suggested_class"": ""1A"", ""preferred_label_override"": ""LN3 Type 2"", ""notes"": ""Three type 2 LacNAc repeats. Has broad synonyms i antigen.""}"
Para-Lacto-N-neohexaose	Gal b1-4 GlcNAc b1-3 Gal b1-4 GlcNAc b1-3 Gal b1-4 Glc	Core structures (Type 2)	https://glyco3d.cermav.cnrs.fr/mol.php?type=bioligo&molecule=2174	"{""keep"": true, ""suggested_class"": ""1A""}"
SLex on Core 2	Neu5Ac a2-3 Gal b1-3 (Gal b1-4 (Fuc a1-3) GlcNAc b1-6) GalNAc a	Core structures (Type 2)	https://glyco3d.cermav.cnrs.fr/mol.php?type=bioligo&molecule=2175	"{""keep"": true, ""suggested_class"": ""1A""}"
a-Galactose on Core 2	Gal b1-3 (Gal a1-3 Gal b1-4 GlcNAc b1-6) GalNAc a	Core structures (Type 2)	https://glyco3d.cermav.cnrs.fr/mol.php?type=bioligo&molecule=2758	"{""keep"": true, ""suggested_class"": ""1A""}"
N-Acetyl-D-Lactosamine (LacNAc)	Gal b1-4 GlcNAc b	Core structures (Type 2)	https://glyco3d.cermav.cnrs.fr/mol.php?type=bioligo&molecule=2765	"{""keep"": true, ""suggested_class"": ""2A"", ""preferred_label_override"": ""N-Acetyl-D-Lactosamine"", ""notes"": ""Has abbreviation LacNAc.""}"
Core type 4 (Elicityl)	Gal b1-3 GalNAc b1-3 Gal	Core structures (Type 4)	https://glyco3d.cermav.cnrs.fr/mol.php?type=bioligo&molecule=2176	"{""keep"": true, ""suggested_class"": ""1A"", ""preferred_label_override"": ""Core type 4""}"
3'-sulpho Lewis A [3S-Gal-3(Fuc)-GlcNAc]	Gal [3S] b1-3 (Fuc a1-4) GlcNAc b	Fucosylated oligosaccharides	https://glyco3d.cermav.cnrs.fr/mol.php?type=bioligo&molecule=2177	"{""keep"": true, ""suggested_class"": ""1A"", ""preferred_label_override"": ""3'-sulpho Lewis A"", ""notes"": ""Has structure 3S-Gal-3(Fuc)-GlcNAc.""}"
Fuc-(GlcNAc-Man-(Gal-GlcNAc-Man)-Man-GlcNAc)-GlcNAc	Fuc a1-6 (GlcNAc b1-2 Man a1-6 (Gal b1-4 GlcNAc b1-2 Man a1-3) Man b1-4 GlcNAc b1-4)GlcNAc b	Fucosylated oligosaccharides	https://glyco3d.cermav.cnrs.fr/mol.php?type=bioligo&molecule=2179	"{""keep"": true, ""suggested_class"": ""2A""}"
3S-Gal-4(Fuc)-GlcNAc	Gal [3S] b1-4 (Fuc a1-3) GlcNAc b	Fucosylated oligosaccharides	https://glyco3d.cermav.cnrs.fr/mol.php?type=bioligo&molecule=2180	"{""keep"": true, ""suggested_class"": ""2A""}"
a-3Galactosyl-3Fucosyllactose	Gal a1-3 Gal b1-4 (Fuc a1-3) Glc	Fucosylated oligosaccharides (3 Fucosyllactose core)	https://glyco3d.cermav.cnrs.fr/mol.php?type=bioligo&molecule=2181	"{""keep"": true, ""suggested_class"": ""2A""}"
a-4Galactosyl-3Fucosyllactose	Gal a1-4 Gal b1-4 (Fuc a1-3) Glc	Fucosylated oligosaccharides (3 Fucosyllactose core)	https://glyco3d.cermav.cnrs.fr/mol.php?type=bioligo&molecule=2182	"{""keep"": true, ""suggested_class"": ""2A""}"
3-Fucosylated Blood group A tetraose	GalNAc a1-3 (Fuc a1-2) Gal b1-4 (Fuc a1-3) Glc	Fucosylated oligosaccharides (3 Fucosyllactose core)	https://glyco3d.cermav.cnrs.fr/mol.php?type=bioligo&molecule=2183	"{""keep"": true, ""suggested_class"": ""1A""}"
3-Fucosylated Blood group B tetraose	Gal a1-3 (Fuc a1-2) Gal b1-4 (Fuc a1-3) Glc	Fucosylated oligosaccharides (3 Fucosyllactose core)	https://glyco3d.cermav.cnrs.fr/mol.php?type=bioligo&molecule=2184	"{""keep"": true, ""suggested_class"": ""1A""}"
3-Fucosyllactose	Gal b1-4 (Fuc a1-3) Glc b	Fucosylated oligosaccharides (Lacto-Series)	https://glyco3d.cermav.cnrs.fr/mol.php?type=bioligo&molecule=2185	"{""keep"": true, ""suggested_class"": ""1A""}"
A-tetra Lactose	GalNAc a1-3 (Fuc a1-2) Gal b1-4 Glc b	Fucosylated oligosaccharides (Lacto-Series)	https://glyco3d.cermav.cnrs.fr/mol.php?type=bioligo&molecule=2188	"{""keep"": true, ""suggested_class"": ""2A""}"
A-tetra type 2	GalNAc a1-3 (Fuc a1-2) Gal b1-4 GlcNAc b	Fucosylated oligosaccharides (Lacto-Series)	https://glyco3d.cermav.cnrs.fr/mol.php?type=bioligo&molecule=2189	"{""keep"": true, ""suggested_class"": ""2A""}"
B-tetra Lactose	Gal a1-3 (Fuc a1-2) Gal b1-4 Glc b	Fucosylated oligosaccharides (Lacto-Series)	https://glyco3d.cermav.cnrs.fr/mol.php?type=bioligo&molecule=2190	"{""keep"": true, ""suggested_class"": ""2A""}"
B-tetra type 2	Gal a1-3 (Fuc a1-2) Gal b1-4 GlcNAc b	Fucosylated oligosaccharides (Lacto-Series)	https://glyco3d.cermav.cnrs.fr/mol.php?type=bioligo&molecule=2191	"{""keep"": true, ""suggested_class"": ""2A""}"
Difucosyllactose	Fuc a1-2 Gal b1-4 (Fuc a1-3) Glc b	Fucosylated oligosaccharides (Lacto-Series)	https://glyco3d.cermav.cnrs.fr/mol.php?type=bioligo&molecule=2192	"{""keep"": true, ""suggested_class"": ""2A""}"
Lacto-N-neofucopentaose	Gal b1-4 GlcNAc b1-3 Gal b1-4 (Fuc a1-3) Glc	Fucosylated oligosaccharides (Lacto-Series)	https://glyco3d.cermav.cnrs.fr/mol.php?type=bioligo&molecule=2197	"{""keep"": true, ""suggested_class"": ""1A""}"
Chondroitin tetrasaccharide	deoxy-GlcA b1-3 GalNAc [4S] b1-4 GlcA b1-3 GalNAc [4S]	GAGs	https://glyco3d.cermav.cnrs.fr/mol.php?type=bioligo&molecule=2198	"{""keep"": true, ""suggested_class"": ""2A""}"
Heparin decasaccharide	deoxy-IdoA [2S] a1-4 GlcN [2S6S] (a1-4 IdoA [2S] a1-4 GlcN [2S6S])4	GAGs	https://glyco3d.cermav.cnrs.fr/mol.php?type=bioligo&molecule=2199	"{""keep"": true}"
Heparin heptasaccharide	deoxy-GlcN [2S6S] (a1-4 IdoA [2S] (a1-4 GlcN [2S6S])3	GAGs	https://glyco3d.cermav.cnrs.fr/mol.php?type=bioligo&molecule=2200	"{""keep"": true}"
Heparin hexasaccharide	IdoA [2S] a1-4 GlcN [2S6S] (a1-4 IdoA [2S] a1-4 GlcN [2S6S])2	GAGs	https://glyco3d.cermav.cnrs.fr/mol.php?type=bioligo&molecule=2202	"{""keep"": true}"
Heparin nonasaccharide	deoxy-GlcN [2S6S] (a1-4 IdoA [2S] a1-4 GlcN [2S6S])4	GAGs	https://glyco3d.cermav.cnrs.fr/mol.php?type=bioligo&molecule=2204	"{""keep"": true}"
Heparin octasaccharide	deoxy-GlcN [2S6S] a1-4 IdoA [2S] (a1-4 GlcN [2S6S] a1-4 IdoA [2S])3	GAGs	https://glyco3d.cermav.cnrs.fr/mol.php?type=bioligo&molecule=2205	"{""keep"": true}"
Heparin pentasaccharide	GlcN [2S6S] a1-4 IdoA [2S] a1-4 GlcN [2S6S] a1-4 IdoA [2S] a1-4 GlcN [2S6S]	GAGs	https://glyco3d.cermav.cnrs.fr/mol.php?type=bioligo&molecule=2206	"{""keep"": true}"
Heparin tetrasaccharide	deoxy-IdoA [2S] a1-4 GlcN [2S6S] a1-4 IdoA [2S] a1-4 GlcN [2S6S]	GAGs	https://glyco3d.cermav.cnrs.fr/mol.php?type=bioligo&molecule=2208	"{""keep"": true}"
Hyalonuric acid hexasaccharide	GlcA b1-3 GlcNAc b1-4 GlcA b1-3 GlcNAc b1-4 GlcA b1-3 GlcNAc b	GAGs	https://glyco3d.cermav.cnrs.fr/mol.php?type=bioligo&molecule=2209	"{""keep"": true, ""suggested_class"": ""2A""}"
Hyalonuric acid tetrasaccharide	GlcA b1-3 GlcNAc b1-4 GlcA b1-3 GlcNAc b	GAGs	https://glyco3d.cermav.cnrs.fr/mol.php?type=bioligo&molecule=2210	"{""keep"": true, ""suggested_class"": ""2A""}"
Hyaluronic acid hexasaccharide	GlcA b1-3 GlcNAc b1-4 GlcA b1-3 GlcNAc b1-4 GlcA b1-3 GlcNAc b	GAGs	https://glyco3d.cermav.cnrs.fr/mol.php?type=bioligo&molecule=2770	"{""keep"": true, ""suggested_class"": ""2A""}"
Hyaluronic acid hexasaccharide	GlcA b1-3 GlcNAc b1-4 GlcA b1-3 GlcNAc b1-4 GlcA b1-3 GlcNAc b	GAGs	https://glyco3d.cermav.cnrs.fr/mol.php?type=bioligo&molecule=2797	"{""keep"": true, ""suggested_class"": ""2A""}"
Xeno lewis X (Gal Lewis x)	Gal a1-3 Gal b1-4 (Fuc a1-3) GlcNAc b	Gala-3Gal oligosaccharides (Galili and xeno antigens)	https://glyco3d.cermav.cnrs.fr/mol.php?type=bioligo&molecule=2212	"{""keep"": true, ""suggested_class"": ""1A"", ""preferred_label_override"": ""Xeno lewis X"", ""notes"": ""Has exact synonym Gal Lewis X.""}"
Xeno lewis a	Gal a1-3 Gal b1-3 (Fuc a1-4) GlcNAc	Gala-3Gal oligosaccharides (Galili and xeno antigens)	https://glyco3d.cermav.cnrs.fr/mol.php?type=bioligo&molecule=2213	"{""keep"": true, ""suggested_class"": ""1A""}"
Galili antigen pentaose	Gal a1-3 Gal b1-4 GlcNAc b1-3 Gal b1-4 Glc	Gala-3Gal oligosaccharides (Galili and xeno antigens)	https://glyco3d.cermav.cnrs.fr/mol.php?type=bioligo&molecule=2214	"{""keep"": true, ""suggested_class"": ""1A""}"
Galili-tri	Gal a1-3 Gal b1-4 Glc b	Gala-3Gal oligosaccharides (Galili and xeno antigens)	https://glyco3d.cermav.cnrs.fr/mol.php?type=bioligo&molecule=2215	"{""keep"": true, ""suggested_class"": ""1A""}"
Xeno antigen type 1	Gal a1-3 Gal b1-3 GlcNAc	Gala-3Gal oligosaccharides (Galili and xeno antigens)	https://glyco3d.cermav.cnrs.fr/mol.php?type=bioligo&molecule=2216	"{""keep"": true, ""suggested_class"": ""1A""}"
Xeno antigen type 2 (Galili antigen triose Gal a3 epitope)	Gal a1-3 Gal b1-4 GlcNAc	Gala-3Gal oligosaccharides (Galili and xeno antigens)	https://glyco3d.cermav.cnrs.fr/mol.php?type=bioligo&molecule=2217	"{""keep"": true, ""suggested_class"": ""1A"", ""preferred_label_override"": ""Xeno antigen type 2""}"
Isoglobopentaose (iGB5)	Gal b1-3 GalNAc b1-3 Gal a1-3 Gal b1-4 Glc	Gala-3Gal oligosaccharides (Isogloboseries)	https://glyco3d.cermav.cnrs.fr/mol.php?type=bioligo&molecule=2218	"{""keep"": true, ""suggested_class"": ""1A""}"
Isoglobotetraose (iGB4 & Cytolipin R)	GalNAc b1-3 Gal a1-3 Gal b1-4 Glc	Gala-3Gal oligosaccharides (Isogloboseries)	https://glyco3d.cermav.cnrs.fr/mol.php?type=bioligo&molecule=2219	"{""keep"": true, ""suggested_class"": ""1A"", ""preferred_label_override"": ""Isoglobotetraose"", ""notes"": ""Has abbreviation iGB4. Has exact synonym Cytolipin R.""}"
Isoglobotriose (iGB3)	Gal a1-3 Gal b1-4 Glc	Gala-3Gal oligosaccharides (Isogloboseries)	https://glyco3d.cermav.cnrs.fr/mol.php?type=bioligo&molecule=2220	"{""keep"": true, ""suggested_class"": ""1A"", ""preferred_label_override"": ""Isoglobotriose"", ""notes"": ""Has abbreviation iGB3.""}"
Fucosyl GM1	Fuc a1-2 Gal b1-3 GalNAc b1-4 (Neu5Ac a2-3) Gal b1-4 Glc	Ganglioside sugars	https://glyco3d.cermav.cnrs.fr/mol.php?type=bioligo&molecule=2222	"{""keep"": true, ""suggested_class"": ""1A""}"
GA1 (aGM1)	Gal b1-3 GalNAc b1-4 Gal b1-4 Glc b	Ganglioside sugars	https://glyco3d.cermav.cnrs.fr/mol.php?type=bioligo&molecule=2223	"{""keep"": true, ""suggested_class"": ""1A"", ""preferred_label_override"": ""GA1""}"
GA2 (aGM2)	GalNAc b1-4 Gal b1-4 Glc b	Ganglioside sugars	https://glyco3d.cermav.cnrs.fr/mol.php?type=bioligo&molecule=2224	"{""keep"": true, ""suggested_class"": ""1A"", ""preferred_label_override"": ""GA2""}"
GD1b	Gal b1-3 GalNAc b1-4 (Neu5Ac a2-8 Neu5Ac a2-3) Gal b1-4 Glc b	Ganglioside sugars	https://glyco3d.cermav.cnrs.fr/mol.php?type=bioligo&molecule=2226	"{""keep"": true, ""suggested_class"": ""1A""}"
GD2	GalNAc b1-4 (Neu5Ac a2-8 Neu5Ac a2-3) Gal b1-4 Glc b	Ganglioside sugars	https://glyco3d.cermav.cnrs.fr/mol.php?type=bioligo&molecule=2227	"{""keep"": true, ""suggested_class"": ""1A""}"
GD3	Neu5Ac a2-8 Neu5Ac a2-3 Gal b1-4 Glc b	Ganglioside sugars	https://glyco3d.cermav.cnrs.fr/mol.php?type=bioligo&molecule=2228	"{""keep"": true, ""suggested_class"": ""1A""}"
GT1a	Neu5Ac a2-8 Neu5Ac a2-3 Gal b1-3 GalNAc b1-4 (Neu5Ac a2-3) Gal b1-4 Glc	Ganglioside sugars	https://glyco3d.cermav.cnrs.fr/mol.php?type=bioligo&molecule=2233	"{""keep"": true, ""suggested_class"": ""1A""}"
GT1b	Neu5Ac a2-3 Gal b1-3 GalNAc b1-4 (Neu5Ac a2-8 Neu5Ac a2-3) Gal b1-4 Glc b	Ganglioside sugars	https://glyco3d.cermav.cnrs.fr/mol.php?type=bioligo&molecule=2234	"{""keep"": true, ""suggested_class"": ""1A""}"
GT1c	Gal b1-3 GalNAc b1-4 (Neu5Ac a2-8 Neu5Ac a2-8 Neu5Ac a2-3) Gal b1-4 Glc b	Ganglioside sugars	https://glyco3d.cermav.cnrs.fr/mol.php?type=bioligo&molecule=2235	"{""keep"": true, ""suggested_class"": ""1A""}"
GT2	GalNAc b1-4 (Neu5Ac a2-8 Neu5Ac a2-8 Neu5Ac a2-3) Gal b1-4 Glc b : Na	Ganglioside sugars	https://glyco3d.cermav.cnrs.fr/mol.php?type=bioligo&molecule=2236	"{""keep"": true, ""suggested_class"": ""1A""}"
GT3	Neu5Ac a2-8 Neu5Ac a2-8 Neu5Ac a2-3 Gal b1-4 Glc	Ganglioside sugars	https://glyco3d.cermav.cnrs.fr/mol.php?type=bioligo&molecule=2237	"{""keep"": true, ""suggested_class"": ""1A""}"
GD1b	Gal b1-3 GalNAc b1-4 (Neu5Ac a2-8 Neu5Ac a2-3) Gal b1-4 Glc	Ganglioside sugars	https://glyco3d.cermav.cnrs.fr/mol.php?type=bioligo&molecule=2760	"{""keep"": true, ""suggested_class"": ""1A""}"
Neu5Ac a2-3 Gal b1-4 Glc b	Neu5Ac a2-3 Gal b1-4 Glc b	Ganglioside sugars	https://glyco3d.cermav.cnrs.fr/mol.php?type=bioligo&molecule=2787	"{""keep"": true, ""suggested_class"": ""2A""}"
GPI anchor	Man a1-2 Man a1-6 Man a1-4 GlcNH2 a1-6 myo-inositol	Glycosphingolipid	https://glyco3d.cermav.cnrs.fr/mol.php?type=bioligo&molecule=2257	"{""keep"": true, ""suggested_class"": ""1A""}"
3'-SiaDi-LN	Neu5Ac a2-3 Gal b1-4 GlcNAc b1-4 Gal b1-4 GlcNAc b	Lewis antigens	https://glyco3d.cermav.cnrs.fr/mol.php?type=bioligo&molecule=2258	"{""keep"": true, ""suggested_class"": ""1A""}"
3'-Sialyl-Lewis c	Neu5Ac a2-3 Gal b1-3 GlcNAc b	Lewis antigens	https://glyco3d.cermav.cnrs.fr/mol.php?type=bioligo&molecule=2259	"{""keep"": true, ""suggested_class"": ""1A""}"
3'-su-Lewis x	Gal [3S] b1-4 (Fuc a1-3) GlcNAc b	Lewis antigens	https://glyco3d.cermav.cnrs.fr/mol.php?type=bioligo&molecule=2261	"{""keep"": true, ""suggested_class"": ""1A""}"
6-su-GalNAc-SiaLewis x	Neu5Ac a2-3 Gal b1-4 (Fuc a1-3) GlcNAc [6S] b	Lewis antigens	https://glyco3d.cermav.cnrs.fr/mol.php?type=bioligo&molecule=2262	"{""keep"": true, ""suggested_class"": ""1A""}"
6-su-Gal-SiaLewis x	Neu5Ac a2-3 Gal [6S] b1-4 (Fuc a1-3) GlcNAc b	Lewis antigens	https://glyco3d.cermav.cnrs.fr/mol.php?type=bioligo&molecule=2263	"{""keep"": true, ""suggested_class"": ""1A""}"
di-Lewis x b1-4 Lewis x [di-Lewis x]	Gal b1-4 (Fuc a1-3) GlcNAc b1-4 Gal b1-4 (Fuc a1-3) GlcNAc b	Lewis antigens	https://glyco3d.cermav.cnrs.fr/mol.php?type=bioligo&molecule=2264	"{""keep"": true, ""suggested_class"": ""1A"", ""preferred_label_override"": ""di-Lewis x""}"
Lewis a Lewis x	Gal b1-3 (Fuc a1-4) GlcNAc b1-3 Gal b1-4 (Fuc a1-3) GlcNAc b	Lewis antigens	https://glyco3d.cermav.cnrs.fr/mol.php?type=bioligo&molecule=2267	"{""keep"": true, ""suggested_class"": ""1A""}"
Lewis a LN	Gal a1-3 (Fuc a1-4) GlcNAc b1-3 Gal b1-4 GlcNAc b	Lewis antigens	https://glyco3d.cermav.cnrs.fr/mol.php?type=bioligo&molecule=2268	"{""keep"": true, ""suggested_class"": ""1A""}"
Lewis a triose	Gal b1-3 (Fuc a1-4) GlcNAc b	Lewis antigens	https://glyco3d.cermav.cnrs.fr/mol.php?type=bioligo&molecule=2270	"{""keep"": true, ""suggested_class"": ""1A""}"
Lewis b pentaose	Fuc a1-2 Gal b1-3 (Fuc a1-4) GlcNAc b1-3 Gal	Lewis antigens	https://glyco3d.cermav.cnrs.fr/mol.php?type=bioligo&molecule=2271	"{""keep"": true, ""suggested_class"": ""1A""}"
Lewis b tetraose	Fuc a1-2 Gal b1-3 (Fuc a1-4) GlcNAc b	Lewis antigens	https://glyco3d.cermav.cnrs.fr/mol.php?type=bioligo&molecule=2272	"{""keep"": true, ""suggested_class"": ""1A""}"
Lewis c	Gal b1-3 GlcNAc b	Lewis antigens	https://glyco3d.cermav.cnrs.fr/mol.php?type=bioligo&molecule=2273	"{""keep"": true, ""suggested_class"": ""1A""}"
Lewis X hexaose (also Lacto-N-neodifucohexaose, LeX-LeX)	Gal b1-4 (Fuc a1-3) GlcNAc b1-3 Gal b1-4 (Fuc a1-3) Glc	Lewis antigens	https://glyco3d.cermav.cnrs.fr/mol.php?type=bioligo&molecule=2274	"{""keep"": true, ""suggested_class"": ""1A"", ""preferred_label_override"": ""Lewis X hexaose""}"
Lewis x on Core 2	Gal b1-3 (Gal b1-4 (Fuc a1-3) GlcNAc b1-6) GalNAc a	Lewis antigens	https://glyco3d.cermav.cnrs.fr/mol.php?type=bioligo&molecule=2275	"{""keep"": true, ""suggested_class"": ""1A""}"
Lewis X tetraose [Gal-(Fuc)-GlcNAc-Gal]	Gal b1-4 (Fuc a1-3) GlcNAc b1-3 Gal b	Lewis antigens	https://glyco3d.cermav.cnrs.fr/mol.php?type=bioligo&molecule=2276	"{""keep"": true, ""suggested_class"": ""1A"", ""preferred_label_override"": ""Lewis X tetraose""}"
Lewis x triaose [SSEA-1]	Gal b1-4 (Fuc a1-3) GlcNAc b	Lewis antigens	https://glyco3d.cermav.cnrs.fr/mol.php?type=bioligo&molecule=2277	"{""keep"": true, ""suggested_class"": ""1A"", ""preferred_label_override"": ""Lewis x triaose"", ""notes"": ""Has related synonym SSEA-1.""}"
Lewis y Lewis x	Fuc a1-2 Gal b1-4 (Fuc a1-3) GlcNAc b1-4 Gal b1-4 (Fuc a1-3) GlcNAc b	Lewis antigens	https://glyco3d.cermav.cnrs.fr/mol.php?type=bioligo&molecule=2278	"{""keep"": true, ""suggested_class"": ""1A""}"
Lewis y pentaose	Fuc a1-2 Gal b1-4 (Fuc a1-3) GlcNAc b1-3 Gal	Lewis antigens	https://glyco3d.cermav.cnrs.fr/mol.php?type=bioligo&molecule=2279	"{""keep"": true, ""suggested_class"": ""1A""}"
Lewis y tetraose [Blood group H type 2]	Fuc a1-2 Gal b1-4 (Fuc a1-3) GlcNAc b	Lewis antigens	https://glyco3d.cermav.cnrs.fr/mol.php?type=bioligo&molecule=2280	"{""keep"": true, ""suggested_class"": ""1A"", ""preferred_label_override"": ""Lewis y tetraose"", ""notes"": ""Has related synonym Blood group H type 2.""}"
Sialyl Lewis X (sLeX) pentaose	Neu5Ac a2-3 Gal b1-4 (Fuc a1-3) GlcNAc b1-3 Gal	Lewis antigens	https://glyco3d.cermav.cnrs.fr/mol.php?type=bioligo&molecule=2282	"{""keep"": true, ""suggested_class"": ""1A""}"
SLex-Lex (SDLeX)	Neu5Ac a2-3 Gal b1-4 (Fuc a1-3) GlcNAc b1-3 Gal b1-4 (Fuc a1-3) GlcNAc b	Lewis antigens	https://glyco3d.cermav.cnrs.fr/mol.php?type=bioligo&molecule=2284	"{""keep"": true, ""suggested_class"": ""1A"", ""preferred_label_override"": ""Slex-Lex""}"
SLex-Lex-Lex	Neu5Ac a2-3 Gal b1-4 (Fuc a1-3)GlcNAc b1-3 Gal b1-4 (Fuc a1-3) GlcNAc b1-3 Gal b1-4 (Fuc a1-3) GlcNAc b	Lewis antigens	https://glyco3d.cermav.cnrs.fr/mol.php?type=bioligo&molecule=2285	"{""keep"": true, ""suggested_class"": ""1A""}"
tri-Lewis x	Gal b1-4 (Fuc a1-3) GlcNAc b1-4 Gal b1-4 (Fuc a1-3) GlcNAc b1-4 Gal b4 (Fuc a1-3) GlcNAc b	Lewis antigens	https://glyco3d.cermav.cnrs.fr/mol.php?type=bioligo&molecule=2286	"{""keep"": true, ""suggested_class"": ""1A""}"
Sialyl Lewis a tetraose (SLea)	Neu5Ac a2-3 Gal b1-3 (Fuc a1-4) GlcNAc	Lewis antigens	https://glyco3d.cermav.cnrs.fr/mol.php?type=bioligo&molecule=2784	"{""keep"": true, ""suggested_class"": ""1A"", ""preferred_label_override"": ""Sialyl Lewis a tetroase""}"
Sulfo Lewis X	Gal[3S] b1-4 (Fuc a1-3) GlcNAc	Lewis antigens	https://glyco3d.cermav.cnrs.fr/mol.php?type=bioligo&molecule=2790	"{""keep"": true, ""suggested_class"": ""1A""}"
Lewis X tetraose	Gal b1-4 (Fuc a1-3) GlcNAc b1-3 Gal b	Lewis antigens	https://glyco3d.cermav.cnrs.fr/mol.php?type=bioligo&molecule=2792	"{""keep"": true, ""suggested_class"": ""1A""}"
Tri - Lewis X	Gal b1-4 (Fuc a1-3) GlcNAc b1-4 Gal b1-4 (Fuc a1-3) GlcNAc b1-4 Gal b1-4 (Fuc a1-3) GlcNAc	Lewis antigens	https://glyco3d.cermav.cnrs.fr/mol.php?type=bioligo&molecule=2793	"{""keep"": true, ""suggested_class"": ""1A""}"
3' sulpho Lewis A	Gal[3S] b1-3 (Fuc a1-4) GlcNAc	Lewis antigens	https://glyco3d.cermav.cnrs.fr/mol.php?type=bioligo&molecule=2796	"{""keep"": true, ""suggested_class"": ""1A""}"
Gal b1-4 GalNAc b1-4 Gal b1-4 Glc b	Gal b1-4 GalNAc b1-4 Gal b1-4 Glc b	Miscellaneous	https://glyco3d.cermav.cnrs.fr/mol.php?type=bioligo&molecule=2287	"{""keep"": true, ""suggested_class"": ""2A""}"
3'-KDN-Lewis c	KDN a2-3 Gal b1-4 GlcNAc b	Miscellaneous	https://glyco3d.cermav.cnrs.fr/mol.php?type=bioligo&molecule=2289	"{""keep"": true, ""suggested_class"": ""1A""}"
3'-KDNLN	KDN a2-3 Gal b1-3 GlcNAc b	Miscellaneous	https://glyco3d.cermav.cnrs.fr/mol.php?type=bioligo&molecule=2290	"{""keep"": true, ""suggested_class"": ""2A""}"
6P-Man3	Man [6P] a1-3 Man a1-3 Man a	Miscellaneous	https://glyco3d.cermav.cnrs.fr/mol.php?type=bioligo&molecule=2291	"{""keep"": true, ""suggested_class"": ""2A""}"
deoxy Chitotetraose	GlcNAc b1-4 GlcNAc b1-4 GlcNAc b1-4 deoxy GlcNAc	Miscellaneous	https://glyco3d.cermav.cnrs.fr/mol.php?type=bioligo&molecule=2292	"{""keep"": true, ""suggested_class"": ""2A""}"
deoxy Chitotriose	GlcNAc b1-4 GlcNAc b1-4 deoxy GlcNAc	Miscellaneous	https://glyco3d.cermav.cnrs.fr/mol.php?type=bioligo&molecule=2293	"{""keep"": true, ""suggested_class"": ""2A""}"
Fuc-Gal-Xyl	Fuc a1-2 Gal b1-2 Xyl a	Miscellaneous	https://glyco3d.cermav.cnrs.fr/mol.php?type=bioligo&molecule=2294	"{""keep"": true, ""suggested_class"": ""2A""}"
Gal a(1-3') LacNAc	Gal a1-3 Gal b1-4 GlcNAc b	Miscellaneous	https://glyco3d.cermav.cnrs.fr/mol.php?type=bioligo&molecule=2295	"{""keep"": true, ""suggested_class"": ""1B""}"
Gal-GalNAc-(Neu5Ac)-Gal-Glc	Gal b1-3 GalNAc b1-4 (Neu5Ac a2-3) Gal b1-4 Glc b	Miscellaneous	https://glyco3d.cermav.cnrs.fr/mol.php?type=bioligo&molecule=2296	"{""keep"": true, ""suggested_class"": ""2A""}"
Gal-GlcNAc-(Gal-GlcNAc)-Gal	Gal b1-4 GlcNAc b1-2 (Gal b1-4 GlcNAc b1-3) Gal b	Miscellaneous	https://glyco3d.cermav.cnrs.fr/mol.php?type=bioligo&molecule=2297	"{""keep"": true, ""suggested_class"": ""2A""}"
GalNAc-(Fuc)-Gal-Glc	GalNAc a1-3 (Fuc a1-2) Gal b1-4 Glc b	Miscellaneous	https://glyco3d.cermav.cnrs.fr/mol.php?type=bioligo&molecule=2298	"{""keep"": true, ""suggested_class"": ""2A""}"
GlcNAc b(1-3') LacNAc	GlcNAc b1-3 Gal b1-4 GlcNAc b	Miscellaneous	https://glyco3d.cermav.cnrs.fr/mol.php?type=bioligo&molecule=2299	"{""keep"": true, ""suggested_class"": ""2A""}"
GlcNAc b(1-4,6) GalNAc	GlcNAc b1-4 (GlcNAc b1-6) GalNAc a	Miscellaneous	https://glyco3d.cermav.cnrs.fr/mol.php?type=bioligo&molecule=2300	"{""keep"": true, ""suggested_class"": ""2A""}"
GlcNAc-(Fuc)-GlcNAc	GlcNAc b1-4 (Fuc a1-3) GlcNAc b	Miscellaneous	https://glyco3d.cermav.cnrs.fr/mol.php?type=bioligo&molecule=2302	"{""keep"": true, ""suggested_class"": ""2A""}"
GlcNAc-Gal-Glc	GlcNAc b1-6 Gal b1-4 Glc b	Miscellaneous	https://glyco3d.cermav.cnrs.fr/mol.php?type=bioligo&molecule=2303	"{""keep"": true, ""suggested_class"": ""2A""}"
GlcNAc-Man-(GlcNAc-Man)-Man	GlcNAc b1-2 Man a1-3 (GlcNAc b1-2 Man a1-6) Man a	Miscellaneous	https://glyco3d.cermav.cnrs.fr/mol.php?type=bioligo&molecule=2304	"{""keep"": true, ""suggested_class"": ""2A""}"
Neu5Ac-Gal-(Fuc)-GlcNAc-OMe	Neu5Ac a2-3 Gal b1-4 (Fuc a1-3) GlcNAc b	Miscellaneous	https://glyco3d.cermav.cnrs.fr/mol.php?type=bioligo&molecule=2305	"{""keep"": true, ""suggested_class"": ""2A""}"
Neu5Ac-Gal-(Neu5Ac)-GlcNAc	Neu5Ac a2-3 Gal b1-3 (Neu5Ac a2-6) GlcNAc b	Miscellaneous	https://glyco3d.cermav.cnrs.fr/mol.php?type=bioligo&molecule=2306	"{""keep"": true, ""suggested_class"": ""2A""}"
Tk	GlcNAc b1-3 (GlcNAc b1-6) Gal b1-4 GlcNAc b	Miscellaneous	https://glyco3d.cermav.cnrs.fr/mol.php?type=bioligo&molecule=2308	"{""keep"": true, ""suggested_class"": ""2A""}"
Gal b1-4 GalNAc b1-4 Gal b1-4 Glc	Gal b1-4 GalNAc b1-4 Gal b1-4 Glc	Miscellaneous	https://glyco3d.cermav.cnrs.fr/mol.php?type=bioligo&molecule=2763	"{""keep"": true, ""suggested_class"": ""2A""}"
Galactosyl lactose	Gal b1-4 Glc b1-1 b Gal	Miscellaneous	https://glyco3d.cermav.cnrs.fr/mol.php?type=bioligo&molecule=2764	"{""keep"": true, ""suggested_class"": ""3C""}"
Fucosylated A antigen type 5	GalNAc a1-3 (Fuc a1-2) Gal b1-4 (Fuc a1-2) Glc	Miscellaneous (Blood group-related oligosaccharides)	https://glyco3d.cermav.cnrs.fr/mol.php?type=bioligo&molecule=2309	"{""keep"": true, ""suggested_class"": ""1A""}"
Fucosylated B antigen type 5	Gal a1-3 (Fuc a1-2) Gal b1-4 (Fuc a1-2) Glc	Miscellaneous (Blood group-related oligosaccharides)	https://glyco3d.cermav.cnrs.fr/mol.php?type=bioligo&molecule=2310	"{""keep"": true, ""suggested_class"": ""1A""}"
Chitohexose	GlcNAc b1-4 GlcNAc b1-4 GlcNAc b1-4 GlcNAc b1-4 GlcNAc b1-4 GlcNAc b	Miscellaneous (Chitin oligosaccharides)	https://glyco3d.cermav.cnrs.fr/mol.php?type=bioligo&molecule=2311	"{""keep"": true, ""suggested_class"": ""2A""}"
Chitopentose	GlcNAc b1-4 GlcNAc b1-4 GlcNAc b1-4 GlcNAc b1-4 GlcNAc b	Miscellaneous (Chitin oligosaccharides)	https://glyco3d.cermav.cnrs.fr/mol.php?type=bioligo&molecule=2312	"{""keep"": true, ""suggested_class"": ""2A""}"
Chitotetraose	GlcNAc b1-4 GlcNAc b1-4 GlcNAc b1-4 GlcNAc b	Miscellaneous (Chitin oligosaccharides)	https://glyco3d.cermav.cnrs.fr/mol.php?type=bioligo&molecule=2313	"{""keep"": true, ""suggested_class"": ""2A""}"
Chitotriose	GlcNAc b1-4 GlcNAc b1-4 GlcNAc b	Miscellaneous (Chitin oligosaccharides)	https://glyco3d.cermav.cnrs.fr/mol.php?type=bioligo&molecule=2314	"{""keep"": true, ""suggested_class"": ""2A""}"
deoxy chitotriose	GlcNAc b1-4 GlcNAc b1-4 deoxy GlcNAc	Miscellaneous (Chitin oligosaccharides)	https://glyco3d.cermav.cnrs.fr/mol.php?type=bioligo&molecule=2771	"{""keep"": true, ""suggested_class"": ""2A""}"
deoxy chitotetraose	GlcNAc b1-4 GlcNAc b1-4 GlcNAc b1-4 deoxy GlcNAc	Miscellaneous (Chitin oligosaccharides)	https://glyco3d.cermav.cnrs.fr/mol.php?type=bioligo&molecule=2772	"{""keep"": true, ""suggested_class"": ""2A""}"
Chitopentaose	GlcNAc b1-4 GlcNAc b1-4 GlcNAc b1-4 GlcNAc b1-4 GlcNAc b	Miscellaneous (Chitin oligosaccharides)	https://glyco3d.cermav.cnrs.fr/mol.php?type=bioligo&molecule=2773	"{""keep"": true, ""suggested_class"": ""2A""}"
Chitohexaose	GlcNAc b1-4 GlcNAc b1-4 GlcNAc b1-4 GlcNAc b1-4 GlcNAc b1-4 GlcNAc b	Miscellaneous (Chitin oligosaccharides)	https://glyco3d.cermav.cnrs.fr/mol.php?type=bioligo&molecule=2774	"{""keep"": true, ""suggested_class"": ""2A""}"
As-Fibrinogen	Gal b1-4 GlcNAc b1-4 Man a1-3 (Gal b1-4 GlcNAc b1-4 Man a1-6) Man a1-4 GlcNAc b1-4 GlcNAc b	Miscellaneous (Fibriniogen related oligosaccharides)	https://glyco3d.cermav.cnrs.fr/mol.php?type=bioligo&molecule=2315	"{""keep"": true, ""suggested_class"": ""3C""}"
asialo-, agalacto-N-glycan from porcine fibrinogen	GlcNAc b1-2 Man a1-3 (GlcNAc b1-2 Man a1-6) Man b1-4 GlcNAc b1-4 (Fuc a1-6) GlcNAc b	Miscellaneous (Fibriniogen related oligosaccharides)	https://glyco3d.cermav.cnrs.fr/mol.php?type=bioligo&molecule=2316	"{""keep"": true, ""suggested_class"": ""3C""}"
di-sialylated N-glycan from porcine fibrinogen	Neu5Ac a2-6 Gal b1-4 GlcNAc b1-2 Man a1-3 (Neu5Ac a2-6 Gal b1-4 GlcNAc b1-2 Man a1-6) Man b1-4 GlcNAc b1-4 (Fuc a1-6) GlcNAc b	Miscellaneous (Fibriniogen related oligosaccharides)	https://glyco3d.cermav.cnrs.fr/mol.php?type=bioligo&molecule=2317	"{""keep"": true, ""suggested_class"": ""3C""}"
2'-F-Di-LN	Fuc a1-2 Gal b1-4 GlcNAc b1-3 Gal b1-4 GlcNAc b	Miscellaneous (LDN-related oligosaccharides)	https://glyco3d.cermav.cnrs.fr/mol.php?type=bioligo&molecule=2318	"{""keep"": true, ""suggested_class"": ""1B""}"
3-SLDN	Neu5Ac a2-3 GalNAc b1-4 GlcNAc b	Miscellaneous (LDN-related oligosaccharides)	https://glyco3d.cermav.cnrs.fr/mol.php?type=bioligo&molecule=2319	"{""keep"": true, ""suggested_class"": ""1B""}"
6'-SiaDi-LN	Neu5Ac a2-6 Gal b1-4 GlcNAc b1-4 Gal b1-4 GlcNAc b	Miscellaneous (LDN-related oligosaccharides)	https://glyco3d.cermav.cnrs.fr/mol.php?type=bioligo&molecule=2320	"{""keep"": true, ""suggested_class"": ""1B""}"
Sialylated LDN [6-SLDN]	Neu5Ac a2-6 GalNAc b1-4 GlcNAc b	Miscellaneous (LDN-related oligosaccharides)	https://glyco3d.cermav.cnrs.fr/mol.php?type=bioligo&molecule=2321	"{""keep"": true, ""suggested_class"": ""1B"", ""preferred_label_override"": ""Sialylated LDN""}"
Bi-LDN	GalNAc b1-4 GlcNAc b1-4 Man a1-6 (GalNAc b1-4 GlcNAc b1-4 Man a1-3) Man b1-4 GlcNAc b1-4 GlcNAc b	Miscellaneous (LDN-related oligosaccharides)	https://glyco3d.cermav.cnrs.fr/mol.php?type=bioligo&molecule=2322	"{""keep"": true, ""suggested_class"": ""1B""}"
Fuc a(1-3) Lac-di-Nac	GalNAc b1-4 (Fuc a1-3) GlcNAc b	Miscellaneous (LDN-related oligosaccharides)	https://glyco3d.cermav.cnrs.fr/mol.php?type=bioligo&molecule=2323	"{""keep"": true, ""suggested_class"": ""2A""}"
3' sulfo Lewis X [3S-Gal-(Fuc)-GlcNAc]	Gal [3S] b1-4 (Fuc a1-3) GlcNAc b	Miscellaneous (Lewis X-related oligosaccharides)	https://glyco3d.cermav.cnrs.fr/mol.php?type=bioligo&molecule=2324	"{""keep"": true, ""suggested_class"": ""1A"", ""preferred_label_override"": ""3' sulfo Lewis X""}"
4' sulfo Lewis X [4S-Gal-(Fuc)-GlcNAc]	Gal [4S] b1-4 (Fuc a1-3) GlcNAc b	Miscellaneous (Lewis X-related oligosaccharides)	https://glyco3d.cermav.cnrs.fr/mol.php?type=bioligo&molecule=2325	"{""keep"": true, ""suggested_class"": ""1A"", ""preferred_label_override"": ""4' sulfo Lewis X""}"
6-LacNAc-TF	Gal b1-4 GlcNAc b1-6 (Gal b1-3) GalNAc a	Miscellaneous (TF-related oligosaccharides)	https://glyco3d.cermav.cnrs.fr/mol.php?type=bioligo&molecule=2326	"{""keep"": true, ""suggested_class"": ""1A""}"
6-Siab-TF	Neu5Ac b2-6 (Gal b1-3) GalNAc a	Miscellaneous (TF-related oligosaccharides)	https://glyco3d.cermav.cnrs.fr/mol.php?type=bioligo&molecule=2327	"{""keep"": true, ""suggested_class"": ""1A""}"
6'-SiaaTF	Neu5Ac a2-6 (Gal b1-3) GalNAc a	Miscellaneous (TF-related oligosaccharides)	https://glyco3d.cermav.cnrs.fr/mol.php?type=bioligo&molecule=2328	"{""keep"": true, ""suggested_class"": ""1A""}"
GlcNAc b(1-2') TF	GlcNAc b1-2 Gal b1-3 GalNAc a	Miscellaneous (TF-related oligosaccharides)	https://glyco3d.cermav.cnrs.fr/mol.php?type=bioligo&molecule=2329	"{""keep"": true, ""suggested_class"": ""1A""}"
3,6-(LacNAc)2Tn	Gal b1-4 GlcNAc b1-3 (Gal b1-4 GlcNAc b1-6) GalNAc a	Miscellaneous (TN-related oligosaccharides)	https://glyco3d.cermav.cnrs.fr/mol.php?type=bioligo&molecule=2330	"{""keep"": true, ""suggested_class"": ""1A""}"
3-6-STn	Neu5Ac a2-3 (Neu5Ac a2-6) GalNAc a	Miscellaneous (TN-related oligosaccharides)	https://glyco3d.cermav.cnrs.fr/mol.php?type=bioligo&molecule=2331	"{""keep"": true, ""suggested_class"": ""1A""}"
3-LacNAc-Tn	Gal b1-4 GlcNAc b1-3 GalNAc a	Miscellaneous (TN-related oligosaccharides)	https://glyco3d.cermav.cnrs.fr/mol.php?type=bioligo&molecule=2332	"{""keep"": true, ""suggested_class"": ""1A""}"
6-LacNAc-Tn	Gal b1-4 GlcNAc b1-6 GalNAc a	Miscellaneous (TN-related oligosaccharides)	https://glyco3d.cermav.cnrs.fr/mol.php?type=bioligo&molecule=2333	"{""keep"": true, ""suggested_class"": ""1A""}"
6-LacNAc-Tn	Gal b1-4 GlcNAc b1-6 GalNAc	Miscellaneous (TN-related oligosaccharides)	https://glyco3d.cermav.cnrs.fr/mol.php?type=bioligo&molecule=2767	"{""keep"": true, ""suggested_class"": ""1A""}"
Disialosylpentaose	Neu5Ac a2-3 Gal b1-4 Glc b1-1 (Neu5Ac a2-3) Gal	Miscellaneous (Trehalose-like sugars)	https://glyco3d.cermav.cnrs.fr/mol.php?type=bioligo&molecule=2334	"{""keep"": true, ""suggested_class"": ""2A""}"
Galactosyl-lactose	Gal b1-4 Glc b1-1 b Gal	Miscellaneous (Trehalose-like sugars)	https://glyco3d.cermav.cnrs.fr/mol.php?type=bioligo&molecule=2335	"{""keep"": true, ""suggested_class"": ""3C""}"
(Man)2-GlcNAc	Man a1-3 (Man a1-4) GlcNAc b	N-linked oligos	https://glyco3d.cermav.cnrs.fr/mol.php?type=bioligo&molecule=2336	"{""keep"": true, ""suggested_class"": ""2D""}"
(Man)3 chitobiose	Man a1-3 (Man a1-6) Man b1-4 GlcNAc b1-4 GlcNAc b	N-linked oligos	https://glyco3d.cermav.cnrs.fr/mol.php?type=bioligo&molecule=2337	"{""keep"": true, ""suggested_class"": ""2D"", ""preferred_label_override"": ""(Man)3"", ""notes"": ""Has related synonym chitobiose.""}"
(Man)3a	Man a1-3 (Man a1-6) Man a	N-linked oligos	https://glyco3d.cermav.cnrs.fr/mol.php?type=bioligo&molecule=2338	"{""keep"": true, ""suggested_class"": ""2D""}"
(Man)3b	Man a1-3 (Man a1-6) Man b	N-linked oligos	https://glyco3d.cermav.cnrs.fr/mol.php?type=bioligo&molecule=2339	"{""keep"": true, ""suggested_class"": ""2D""}"
(Man)4	Man b1-2 Man a1-2 Man b1-3 Man b	N-linked oligos	https://glyco3d.cermav.cnrs.fr/mol.php?type=bioligo&molecule=2340	"{""keep"": true, ""suggested_class"": ""2D""}"
(Man)4-(Fuc)-GlcNAc	Man a1-2 Man a1-3 (Man a1-6) Man b1-4 (Fuc a1-3) GlcNAc b	N-linked oligos	https://glyco3d.cermav.cnrs.fr/mol.php?type=bioligo&molecule=2341	"{""keep"": true, ""suggested_class"": ""2D""}"
(Man)5	Man a1-6 (Man a1-3) Man a1-6 (Man a1-3) Man b1-4 GlcNAc b1-4 GlcNAc b	N-linked oligos	https://glyco3d.cermav.cnrs.fr/mol.php?type=bioligo&molecule=2342	"{""keep"": true, ""suggested_class"": ""2D""}"
(Man)6	Man a1-6 (Man b1-3) Man b1-6 (Man a1-2 Man b1-3) Man a	N-linked oligos	https://glyco3d.cermav.cnrs.fr/mol.php?type=bioligo&molecule=2344	"{""keep"": true, ""suggested_class"": ""2D""}"
(Man)6 (GlcNAc)2	Man a1-6 (Man a1-3) Man a1-6 (Man a1-2 Man a1-3) Man b1-4 GlcNAc b1-4 GlcNAc b	N-linked oligos	https://glyco3d.cermav.cnrs.fr/mol.php?type=bioligo&molecule=2345	"{""keep"": true, ""suggested_class"": ""2D""}"
(Man)7	Man a1-2 Man a1-6 (Man a1-3) Man a1-6 (Man a1-2 Man a1-3) Man b1-4 GlcNAc b1-4 GlcNAc b	N-linked oligos	https://glyco3d.cermav.cnrs.fr/mol.php?type=bioligo&molecule=2346	"{""keep"": true, ""suggested_class"": ""2D""}"
(Man)9-GlcNAc-GlcNAc	Man b1-2 Man a1-6 (Man b1-2 Man b1-3) Man b1-6 (Man a1-2 Man a1-2 Man b1-3) Man b1-4 GlcNAc b1-4 GlcNAc b	N-linked oligos	https://glyco3d.cermav.cnrs.fr/mol.php?type=bioligo&molecule=2347	"{""keep"": true, ""suggested_class"": ""2D""}"
Gal-GlcNAc-Man-(Gal-GlcNAc-Man)-Man-GlcNAc	Gal b1-4 GlcNAc b1-2 Man a1-3 (Gal b1-4 GlcNAc b1-2 Man a1-6) Man b1-4 GlcNAc b	N-linked oligos	https://glyco3d.cermav.cnrs.fr/mol.php?type=bioligo&molecule=2348	"{""keep"": true, ""suggested_class"": ""2A""}"
Man-3 chitobiose core Fuc	Man a1-6 (Man a1-3) Man b1-4 GlcNAc b1-4 (Fuc a1-2) GlcNAc b	N-linked oligos	https://glyco3d.cermav.cnrs.fr/mol.php?type=bioligo&molecule=2349	"{""keep"": true, ""suggested_class"": ""2C""}"
Mono-sialylated N-glycan from porcine fibrinogen	Neu5Ac a2-6 Gal b1-4 GlcNAc b1-2 Man a1-3 (Gal b1-4 GlcNAc b1-2 Man a1-6) Man b1-4 GlcNAc b1-4 (Fuc a1-6) GlcNAc b	N-linked oligos	https://glyco3d.cermav.cnrs.fr/mol.php?type=bioligo&molecule=2350	"{""keep"": true, ""suggested_class"": ""3C""}"
N-glycan mixture from horseradish peroxidase	Man a1-3 (Xyl b1-2) (Man a1-6) Man b1-4 GlcNAc b1-4 GlcNAc b	N-linked oligos	https://glyco3d.cermav.cnrs.fr/mol.php?type=bioligo&molecule=2351	"{""keep"": true, ""suggested_class"": ""3C""}"
N-Man5 GlcNAc 1-4	Man a1-6 (Man a1-3) Man a1-6 (GlcNAc b1-4) (GlcNAc b1-2 Man a1-3) Man b1-4 GlcNAc b1-4 GlcNAc b	N-linked oligos	https://glyco3d.cermav.cnrs.fr/mol.php?type=bioligo&molecule=2352	"{""keep"": true, ""suggested_class"": ""2D""}"
tri-sialylated N-glycan from porcine fibrinogen	Neu5Ac a2-8 Neu5Ac a2-(3,6) Gal b1-4 GlcNAc b1-2 Man a1-3 (Neu5Ac a2-6 Gal b1-4 GlcNAc b1-2 Man a1-6) Man b1-4 GlcNAc b1-4 (Fuc a1-6) GlcNAc b	N-linked oligos	https://glyco3d.cermav.cnrs.fr/mol.php?type=bioligo&molecule=2353	"{""keep"": true, ""suggested_class"": ""3C""}"
Man a1-2 Man a1-6 Man a1-6 (Man a1-2 Man a1-3) Man b1-4 GlcNAc b1-4 GlcNAc b	Man a1-2 Man a1-6 Man a1-6 (Man a1-2 Man a1-3) Man b1-4 GlcNAc b1-4 GlcNAc b	N-linked oligos	https://glyco3d.cermav.cnrs.fr/mol.php?type=bioligo&molecule=2776	"{""keep"": true, ""suggested_class"": ""2A""}"
(Man)7	Man a1-2 Man a1-6 (Man a1-3) Man a1-6 (Man a1-2 Man a1-3) Man b1-4 GlcNAc b1-4 GlcNAc b	N-linked oligos	https://glyco3d.cermav.cnrs.fr/mol.php?type=bioligo&molecule=2777	"{""keep"": true, ""suggested_class"": ""2D""}"
(Man)2-GlcNAc	Man a1-3 (Man a1-4) GlcNAc b	N-linked oligos	https://glyco3d.cermav.cnrs.fr/mol.php?type=bioligo&molecule=2778	"{""keep"": true, ""suggested_class"": ""2D""}"
Man a1-3 (Man a1-6) Man	Man a1-3 (Man a1-6) Man a	N-linked oligos	https://glyco3d.cermav.cnrs.fr/mol.php?type=bioligo&molecule=2779	"{""keep"": true, ""suggested_class"": ""2A""}"
Man a1-3 (Man a1-6) Man	Man a 1-3 (Man a 1-6) Man a	N-linked oligos	https://glyco3d.cermav.cnrs.fr/mol.php?type=bioligo&molecule=2780	"{""keep"": true, ""suggested_class"": ""2A""}"
N-glycan mixture from horseradish peroxidase	Man a1-3 (Xyl b1-2) (Man a1-6) Man b1-4 GlcNAc b1-4 GlcNAc	N-linked oligos	https://glyco3d.cermav.cnrs.fr/mol.php?type=bioligo&molecule=2781	"{""keep"": true, ""suggested_class"": ""3C""}"
Man-3 chitobiose core Fuc	Man a1-6 (Man a1-3) Man b1-4 GlcNAc b1-4 (Fuc a1-3) GlcNAc b	N-linked oligos	https://glyco3d.cermav.cnrs.fr/mol.php?type=bioligo&molecule=2782	"{""keep"": true, ""suggested_class"": ""2C""}"
Gal-GlcNAc-Man-(Gal-GlcNAc-Man)-Man-GlcNAc	Gal b1-4 GlcNAc b1-2 Man a1-3 (Gal b1-4 GlcNAc b1-2 Man a1-6) Man b1-4 GlcNAc b	N-linked oligos	https://glyco3d.cermav.cnrs.fr/mol.php?type=bioligo&molecule=2794	"{""keep"": true, ""suggested_class"": ""2A""}"
As Fibrinogen	Gal b1-4 GlcNAc b1-4 Man a1-3 (Gal b1-4 GlcNAc b1-4 Man a1-6) Man a1-4 GlcNAc b1-4 GlcNAc b	N-linked oligos	https://glyco3d.cermav.cnrs.fr/mol.php?type=bioligo&molecule=2795	"{""keep"": true, ""suggested_class"": ""3C""}"
asialo-, agalacto-N-glycan from porcine fibrinogen	GlcNAc b1-2 Man a1-3 (GlcNAc b1-2 Man a1-6) Man b1-4 GlcNAc b1-4 (Fuc a1-6) GlcNAc b	N-linked oligos	https://glyco3d.cermav.cnrs.fr/mol.php?type=bioligo&molecule=2798	"{""keep"": true, ""suggested_class"": ""3C""}"
N-Man5 GlcNAc 1-4	Man a1-6 (Man a1-3) Man a1-6 (GlcNAc b1-4) (GlcNAc b1-2 Man a1-3) Man b1-4 GlcNAc b1-4 GlcNAc b	N-linked oligos	https://glyco3d.cermav.cnrs.fr/mol.php?type=bioligo&molecule=2799	"{""keep"": true, ""suggested_class"": ""2D""}"
Sialylated triose type 1	Neu5Ac a2-3 Gal b1-3 GlcNAc b	Sialylated oligosaccharide (Type 1)	https://glyco3d.cermav.cnrs.fr/mol.php?type=bioligo&molecule=2354	"{""keep"": true, ""suggested_class"": ""1B""}"
Neu5Ac-Gal-(Neu5Ac)-deoxy-GalNAc	Neu5Ac a2-3 Gal b1-3 (Neu5Ac a2-6) deoxy GalNAc	Sialylated oligosaccharide (Type 1)	https://glyco3d.cermav.cnrs.fr/mol.php?type=bioligo&molecule=2359	"{""keep"": true, ""suggested_class"": ""2A""}"
Sia2TF	Neu5Ac a2-3 Gal b1-3 (Neu5Ac a2-6) GalNAc a	Sialylated oligosaccharide (Type 1)	https://glyco3d.cermav.cnrs.fr/mol.php?type=bioligo&molecule=2360	"{""keep"": true, ""suggested_class"": ""1A""}"
Sialylated tetraose type 1	Neu5Ac a2-3 Gal b1-3 GlcNAc b1-3 Gal	Sialylated oligosaccharide (Type 1)	https://glyco3d.cermav.cnrs.fr/mol.php?type=bioligo&molecule=2361	"{""keep"": true, ""suggested_class"": ""1B""}"
Disialylated tetraose type 1	Neu5Ac a2-8 Neu5Ac a2-3 Gal b1-3 GlcNAc	Sialylated oligosaccharide (Type 1)	https://glyco3d.cermav.cnrs.fr/mol.php?type=bioligo&molecule=2362	"{""keep"": true, ""suggested_class"": ""1B""}"
Disialylated pentaose type 1	Neu5Ac a2-8 Neu5Ac a2-3 Gal b1-3 GlcNAc b1-3 Gal	Sialylated oligosaccharide (Type 1)	https://glyco3d.cermav.cnrs.fr/mol.php?type=bioligo&molecule=2363	"{""keep"": true, ""suggested_class"": ""1B""}"
Trisialylated pentaose type 1	Neu5Ac a2-8 Neu5Ac a2-8 Neu5Ac a2-3 Gal b1-3 GlcNAc	Sialylated oligosaccharide (Type 1)	https://glyco3d.cermav.cnrs.fr/mol.php?type=bioligo&molecule=2364	"{""keep"": true, ""suggested_class"": ""1B""}"
Sialylated tetraose type 1	Neu5Ac a2-3 Gal b1-3 GlcNAc b1-3 Gal	Sialylated oligosaccharide (Type 1)	https://glyco3d.cermav.cnrs.fr/mol.php?type=bioligo&molecule=2785	"{""keep"": true, ""suggested_class"": ""1B""}"
Sialylated tetraose type	Neu5Ac a2-3 Gal b1-3 GlcNAc b1-3 Gal	Sialylated oligosaccharide (Type 1)	https://glyco3d.cermav.cnrs.fr/mol.php?type=bioligo&molecule=2800	"{""keep"": true, ""suggested_class"": ""1B""}"
LS-tetrasaccharide a (LSTa)	Neu5Ac a2-3 Gal b1-3 GlcNAc b1-3 Gal b1-4 Glc b	Sialylated oligosaccharide (Type 1)	https://glyco3d.cermav.cnrs.fr/mol.php?type=bioligo&molecule=2801	"{""keep"": true, ""suggested_class"": ""1B"", ""preferred_label_override"": ""LS-tetrasaccharide a""}"
Disialylated tetraose type 1	Neu5Ac a2-8 Neu5Ac a2-3 Gal b1-3 GlcNAc	Sialylated oligosaccharide (Type 1)	https://glyco3d.cermav.cnrs.fr/mol.php?type=bioligo&molecule=2805	"{""keep"": true, ""suggested_class"": ""1B""}"
LS-hexasaccharide d (3'-SiaLN-LN-LN)	Neu5Ac a2-3 Gal b1-4 GlcNAc b1-3 Gal b1-4 GlcNAc b1-3 Gal b1-4 GlcNAc b	Sialylated oligosaccharide (Type 2)	https://glyco3d.cermav.cnrs.fr/mol.php?type=bioligo&molecule=2365	"{""keep"": true, ""suggested_class"": ""1B"", ""preferred_label_override"": ""LS-hexasaccharide d""}"
LS-tetrasaccharide d (3'-SiaLN-LN-LN)	Neu5Ac a2-3 Gal b1-4 GlcNAc b1-3 Gal b1-4 Glc	Sialylated oligosaccharide (Type 2)	https://glyco3d.cermav.cnrs.fr/mol.php?type=bioligo&molecule=2366	"{""keep"": true, ""suggested_class"": ""1B"", ""preferred_label_override"": ""LS-tetrasaccharide d""}"
6'-Sia-6-su-LacNAc	Neu5Ac a2-6 Gal [6S] b1-4 GlcNAc	Sialylated oligosaccharide (Type 2)	https://glyco3d.cermav.cnrs.fr/mol.php?type=bioligo&molecule=2368	"{""keep"": true, ""suggested_class"": ""1B""}"
Neu5Ac-Gal-(Fuc)-GlcNAc	Neu5Ac a2-3 Gal b1-4 (Fuc a1-3) GlcNAc b	Sialylated oligosaccharide (Type 2)	https://glyco3d.cermav.cnrs.fr/mol.php?type=bioligo&molecule=2372	"{""keep"": true, ""suggested_class"": ""2A""}"
3-Sialyl-LN type 2 [Sialylated triose type 2, 3'-SLN]	Neu5Ac a2-3 Gal b1-4 GlcNAc b	Sialylated oligosaccharide (Type 2)	https://glyco3d.cermav.cnrs.fr/mol.php?type=bioligo&molecule=2373	"{""keep"": true, ""suggested_class"": ""1B"", ""preferred_label_override"": ""3-Sialyl-LN type 2""}"
Sialylated tetraose type 2	Neu5Ac a2-3 Gal b1-4 GlcNAc b1-3 Gal	Sialylated oligosaccharide (Type 2)	https://glyco3d.cermav.cnrs.fr/mol.php?type=bioligo&molecule=2374	"{""keep"": true, ""suggested_class"": ""1B""}"
Disialylated tetraose type 2	Neu5Ac a2-8 Neu5Ac a2-3 Gal b1-4 GlcNAc	Sialylated oligosaccharide (Type 2)	https://glyco3d.cermav.cnrs.fr/mol.php?type=bioligo&molecule=2375	"{""keep"": true, ""suggested_class"": ""1B""}"
Trisialylated pentaose type 2	Neu5Ac a2-8 Neu5Ac a2-8 Neu5Ac a2-3 Gal b1-4 GlcNAc	Sialylated oligosaccharide (Type 2)	https://glyco3d.cermav.cnrs.fr/mol.php?type=bioligo&molecule=2376	"{""keep"": true, ""suggested_class"": ""1B""}"
3-Sialyl-LN type 2 [Sialylated triose type 2, 3'-SLN]	Neu5Ac a2-3 Gal b1-4 GlcNAc	Sialylated oligosaccharide (Type 2)	https://glyco3d.cermav.cnrs.fr/mol.php?type=bioligo&molecule=2786	"{""keep"": true, ""suggested_class"": ""1B"", ""preferred_label_override"": ""3-Sialyl-LN type 2""}"
LS tetrasaccharide b	Gal b1-3 (Neu5Ac a2-6) GlcNAc b1-3 Gal b1-4 Glc b	Sialylated oligosaccharide (Type 2)	https://glyco3d.cermav.cnrs.fr/mol.php?type=bioligo&molecule=2791	"{""keep"": true, ""suggested_class"": ""1B""}"
Neu5Ac a2-6 Gal b1-4 GlcNAc b1-4 Gal b1-4 GlcNAc	Neu5Ac a2-6 Gal b1-4 GlcNAc b1-4 Gal b1-4 GlcNAc	Sialylated oligosaccharide (Type 2)	https://glyco3d.cermav.cnrs.fr/mol.php?type=bioligo&molecule=2803	"{""keep"": true, ""suggested_class"": ""2A""}"
Disialylated tetraose type 2	Neu5Ac a2-8 Neu5Ac a2-3 Gal b1-4 GlcNAc	Sialylated oligosaccharide (Type 2)	https://glyco3d.cermav.cnrs.fr/mol.php?type=bioligo&molecule=2806	"{""keep"": true, ""suggested_class"": ""1B""}"
Trisialylated pentaose Type 2	Neu5Ac a2-8 Neu5Ac a2-3 Gal b1-4 GlcNAc	Sialylated oligosaccharide (Type 2)	https://glyco3d.cermav.cnrs.fr/mol.php?type=bioligo&molecule=2807	"{""keep"": true, ""suggested_class"": ""1B""}"
Trisialylated pentaose type 2	Neu5Ac a2-8 Neu5Ac a2-8 Neu5Ac a2-3 Gal b1-4 GlcNAc	Sialylated oligosaccharide (Type 2)	https://glyco3d.cermav.cnrs.fr/mol.php?type=bioligo&molecule=2808	"{""keep"": true, ""suggested_class"": ""1B""}"
