id	label	bgsl_curator_meta
http://rdf.glyconavi.org/CarTNa/CarTNa190/trivialname	α,α-Trehalose	"{""keep"": true, ""suggested_class"": ""3B""}"
http://rdf.glyconavi.org/CarTNa/CarTNa86/trivialname	2'F-A type 2	"{""keep"": true, ""suggested_class"": ""DISCARD""}"
http://rdf.glyconavi.org/CarTNa/CarTNa68/trivialname	2'F-B type 2	"{""keep"": true, ""suggested_class"": ""DISCARD""}"
http://rdf.glyconavi.org/CarTNa/CarTNa33/trivialname	2'FL	"{""keep"": true, ""suggested_class"": ""1A""}"
http://rdf.glyconavi.org/CarTNa/CarTNa142/trivialname	2-Deoxyglucose	"{""keep"": true, ""suggested_class"": ""3B""}"
http://rdf.glyconavi.org/CarTNa/CarTNa141/trivialname	2-Deoxyribose	"{""keep"": true, ""suggested_class"": ""3B""}"
http://rdf.glyconavi.org/CarTNa/CarTNa46/trivialname	3'-KDNLec	"{""keep"": true, ""suggested_class"": ""1A""}"
http://rdf.glyconavi.org/CarTNa/CarTNa43/trivialname	3'GN type1	"{""keep"": true, ""suggested_class"": ""2B""}"
http://rdf.glyconavi.org/CarTNa/CarTNa90/trivialname	3'GN-Di-LN	"{""keep"": true, ""suggested_class"": ""2C""}"
http://rdf.glyconavi.org/CarTNa/CarTNa47/trivialname	3'KDNLN	"{""keep"": true, ""suggested_class"": ""2B""}"
http://rdf.glyconavi.org/CarTNa/CarTNa99/trivialname	3'S-Di-LN	"{""keep"": true, ""suggested_class"": ""2C""}"
http://rdf.glyconavi.org/CarTNa/CarTNa91/trivialname	3'S-Di-LeA	"{""keep"": true, ""suggested_class"": ""1A""}"
http://rdf.glyconavi.org/CarTNa/CarTNa94/trivialname	3'S-Di-Lec	"{""keep"": true, ""suggested_class"": ""1A""}"
http://rdf.glyconavi.org/CarTNa/CarTNa98/trivialname	3'S-Di-Lex	"{""keep"": true, ""suggested_class"": ""1A""}"
http://rdf.glyconavi.org/CarTNa/CarTNa59/trivialname	3'SL (Gc)	"{""keep"": true, ""suggested_class"": ""1A""}"
http://rdf.glyconavi.org/CarTNa/CarTNa52/trivialname	3'SLDN	"{""keep"": true, ""suggested_class"": ""1B""}"
http://rdf.glyconavi.org/CarTNa/CarTNa51/trivialname	3'SLN	"{""keep"": true, ""suggested_class"": ""2B""}"
http://rdf.glyconavi.org/CarTNa/CarTNa60/trivialname	3'SLN (Gc)	"{""keep"": true, ""suggested_class"": ""2B""}"
http://rdf.glyconavi.org/CarTNa/CarTNa101/trivialname	3'SLN-Lec	"{""keep"": true, ""suggested_class"": ""1A""}"
http://rdf.glyconavi.org/CarTNa/CarTNa92/trivialname	3'SLeA-LeX	"{""keep"": true, ""suggested_class"": ""1A""}"
http://rdf.glyconavi.org/CarTNa/CarTNa48/trivialname	3'SLec	"{""keep"": true, ""suggested_class"": ""1A""}"
http://rdf.glyconavi.org/CarTNa/CarTNa58/trivialname	3'SLec (Gc)	"{""keep"": true, ""suggested_class"": ""1A""}"
http://rdf.glyconavi.org/CarTNa/CarTNa95/trivialname	3'SLecLN	"{""keep"": true, ""suggested_class"": ""1A""}"
http://rdf.glyconavi.org/CarTNa/CarTNa97/trivialname	3'SLex	"{""keep"": true, ""suggested_class"": ""1A""}"
http://rdf.glyconavi.org/CarTNa/CarTNa100/trivialname	3'STri-LN	"{""keep"": true, ""suggested_class"": ""2C""}"
http://rdf.glyconavi.org/CarTNa/CarTNa105/trivialname	6'S-Di-LN	"{""keep"": true, ""suggested_class"": ""2C""}"
http://rdf.glyconavi.org/CarTNa/CarTNa53/trivialname	6'SL	"{""keep"": true, ""suggested_class"": ""1A""}"
http://rdf.glyconavi.org/CarTNa/CarTNa55/trivialname	6'SLDN	"{""keep"": true, ""suggested_class"": ""2B""}"
http://rdf.glyconavi.org/CarTNa/CarTNa54/trivialname	6'SLN	"{""keep"": true, ""suggested_class"": ""2B""}"
http://rdf.glyconavi.org/CarTNa/CarTNa61/trivialname	6'SLN (Gc)	"{""keep"": true, ""suggested_class"": ""2B""}"
http://rdf.glyconavi.org/CarTNa/CarTNa41/trivialname	6'STF	"{""keep"": true, ""suggested_class"": ""1A""}"
http://rdf.glyconavi.org/CarTNa/CarTNa106/trivialname	6SLN-Lec	"{""keep"": true, ""suggested_class"": ""1A""}"
http://rdf.glyconavi.org/CarTNa/CarTNa57/trivialname	9OAc3'SLN	"{""keep"": true, ""suggested_class"": ""2B""}"
http://rdf.glyconavi.org/CarTNa/CarTNa56/trivialname	9OAc3'Slec	"{""keep"": true, ""suggested_class"": ""1A""}"
http://rdf.glyconavi.org/CarTNa/CarTNa87/trivialname	A tetra L	"{""keep"": true, ""suggested_class"": ""1A""}"
http://rdf.glyconavi.org/CarTNa/CarTNa85/trivialname	A tetra type 1	"{""keep"": true, ""suggested_class"": ""1A""}"
http://rdf.glyconavi.org/CarTNa/CarTNa88/trivialname	A tetra type 2	"{""keep"": true, ""suggested_class"": ""1A""}"
http://rdf.glyconavi.org/CarTNa/CarTNa126/trivialname	Abequose	"{""keep"": true, ""suggested_class"": ""3B""}"
http://rdf.glyconavi.org/CarTNa/CarTNa112/trivialname	Acosamine	"{""keep"": true, ""suggested_class"": ""3B""}"
http://rdf.glyconavi.org/CarTNa/CarTNa195/trivialname	Allose	"{""keep"": true, ""suggested_class"": ""3B""}"
http://rdf.glyconavi.org/CarTNa/CarTNa196/trivialname	Altrose	"{""keep"": true, ""suggested_class"": ""3B""}"
http://rdf.glyconavi.org/CarTNa/CarTNa127/trivialname	Amicetose	"{""keep"": true, ""suggested_class"": ""3B""}"
http://rdf.glyconavi.org/CarTNa/CarTNa128/trivialname	Amylose	"{""keep"": true, ""suggested_class"": ""1C""}"
http://rdf.glyconavi.org/CarTNa/CarTNa129/trivialname	Apiose	"{""keep"": true, ""suggested_class"": ""3B""}"
http://rdf.glyconavi.org/CarTNa/CarTNa197/trivialname	Arabinose	"{""keep"": true, ""suggested_class"": ""3B""}"
http://rdf.glyconavi.org/CarTNa/CarTNa130/trivialname	Arcanose	"{""keep"": true, ""suggested_class"": ""3B""}"
http://rdf.glyconavi.org/CarTNa/CarTNa131/trivialname	Ascarylose	"{""keep"": true, ""suggested_class"": ""3B""}"
http://rdf.glyconavi.org/CarTNa/CarTNa132/trivialname	Ascorbic acid	"{""keep"": true, ""suggested_class"": ""DISCARD""}"
http://rdf.glyconavi.org/CarTNa/CarTNa69/trivialname	B tetra L	"{""keep"": true, ""suggested_class"": ""1A""}"
http://rdf.glyconavi.org/CarTNa/CarTNa67/trivialname	B tetra type 1	"{""keep"": true, ""suggested_class"": ""1A""}"
http://rdf.glyconavi.org/CarTNa/CarTNa70/trivialname	B tetra type 2	"{""keep"": true, ""suggested_class"": ""1A""}"
http://rdf.glyconavi.org/CarTNa/CarTNa37/trivialname	B2-tri	"{""keep"": true, ""suggested_class"": ""1A""}"
http://rdf.glyconavi.org/CarTNa/CarTNa113/trivialname	Bacillosamine	"{""keep"": true, ""suggested_class"": ""3B""}"
http://rdf.glyconavi.org/CarTNa/CarTNa133/trivialname	Boivinose	"{""keep"": true, ""suggested_class"": ""3B""}"
http://rdf.glyconavi.org/CarTNa/CarTNa103/trivialname	CT/Sda	"{""keep"": true, ""suggested_class"": ""1A""}"
http://rdf.glyconavi.org/CarTNa/CarTNa134/trivialname	Cellobiose	"{""keep"": true, ""suggested_class"": ""DISCARD""}"
http://rdf.glyconavi.org/CarTNa/CarTNa135/trivialname	Cellotriose	"{""keep"": true, ""suggested_class"": ""DISCARD""}"
http://rdf.glyconavi.org/CarTNa/CarTNa3/trivialname	Ceramide trihexosides(CTH)	"{""keep"": true, ""suggested_class"": ""1A""}"
http://rdf.glyconavi.org/CarTNa/CarTNa136/trivialname	Chacotriose	"{""keep"": true, ""suggested_class"": ""DISCARD""}"
http://rdf.glyconavi.org/CarTNa/CarTNa137/trivialname	Chalcose	"{""keep"": true, ""suggested_class"": ""3B""}"
http://rdf.glyconavi.org/CarTNa/CarTNa138/trivialname	Cladinose	"{""keep"": true, ""suggested_class"": ""3B""}"
http://rdf.glyconavi.org/CarTNa/CarTNa139/trivialname	Colitose	"{""keep"": true, ""suggested_class"": ""3B""}"
http://rdf.glyconavi.org/CarTNa/CarTNa140/trivialname	Cymarose	"{""keep"": true, ""suggested_class"": ""3B""}"
http://rdf.glyconavi.org/CarTNa/CarTNa201/trivialname	D-Fucitol	"{""keep"": true, ""suggested_class"": ""3B""}"
http://rdf.glyconavi.org/CarTNa/CarTNa206/trivialname	D-Galactosaminitol	"{""keep"": true, ""suggested_class"": ""3B""}"
http://rdf.glyconavi.org/CarTNa/CarTNa114/trivialname	Daunosamine	"{""keep"": true, ""suggested_class"": ""3B""}"
http://rdf.glyconavi.org/CarTNa/CarTNa115/trivialname	Desosamine	"{""keep"": true, ""suggested_class"": ""3B""}"
http://rdf.glyconavi.org/CarTNa/CarTNa82/trivialname	Di-LN	"{""keep"": true, ""suggested_class"": ""1B""}"
http://rdf.glyconavi.org/CarTNa/CarTNa74/trivialname	Di-LeA	"{""keep"": true, ""suggested_class"": ""1A""}"
http://rdf.glyconavi.org/CarTNa/CarTNa78/trivialname	Di-Lec	"{""keep"": true, ""suggested_class"": ""1A""}"
http://rdf.glyconavi.org/CarTNa/CarTNa79/trivialname	Di-Lex	"{""keep"": true, ""suggested_class"": ""1A""}"
http://rdf.glyconavi.org/CarTNa/CarTNa143/trivialname	Diginose	"{""keep"": true, ""suggested_class"": ""3B""}"
http://rdf.glyconavi.org/CarTNa/CarTNa144/trivialname	Digitalose	"{""keep"": true, ""suggested_class"": ""3B""}"
http://rdf.glyconavi.org/CarTNa/CarTNa145/trivialname	Digitoxose	"{""keep"": true, ""suggested_class"": ""3B""}"
http://rdf.glyconavi.org/CarTNa/CarTNa198/trivialname	Erythrose	"{""keep"": true, ""suggested_class"": ""3B""}"
http://rdf.glyconavi.org/CarTNa/CarTNa199/trivialname	Erythrulose	"{""keep"": true, ""suggested_class"": ""3B""}"
http://rdf.glyconavi.org/CarTNa/CarTNa146/trivialname	Evalose	"{""keep"": true, ""suggested_class"": ""3B""}"
http://rdf.glyconavi.org/CarTNa/CarTNa147/trivialname	Evernitrose	"{""keep"": true, ""suggested_class"": ""3B""}"
http://rdf.glyconavi.org/CarTNa/CarTNa116/trivialname	Forosamine	"{""keep"": true, ""suggested_class"": ""3B""}"
http://rdf.glyconavi.org/CarTNa/CarTNa200/trivialname	Fructose	"{""keep"": true, ""suggested_class"": ""3B""}"
http://rdf.glyconavi.org/CarTNa/CarTNa203/trivialname	Fucosamine	"{""keep"": true, ""suggested_class"": ""3B""}"
http://rdf.glyconavi.org/CarTNa/CarTNa204/trivialname	Fucose	"{""keep"": true, ""suggested_class"": ""3B""}"
http://rdf.glyconavi.org/CarTNa/CarTNa4/trivialname	Fucosyl GM1	"{""keep"": true, ""suggested_class"": ""1A""}"
http://rdf.glyconavi.org/CarTNa/CarTNa8/trivialname	GD1a	"{""keep"": true, ""suggested_class"": ""1A""}"
http://rdf.glyconavi.org/CarTNa/CarTNa104/trivialname	GD1a	"{""keep"": true, ""suggested_class"": ""1A""}"
http://rdf.glyconavi.org/CarTNa/CarTNa9/trivialname	GD1b	"{""keep"": true, ""suggested_class"": ""1A""}"
http://rdf.glyconavi.org/CarTNa/CarTNa107/trivialname	GD2	"{""keep"": true, ""suggested_class"": ""1A""}"
http://rdf.glyconavi.org/CarTNa/CarTNa10/trivialname	GD3	"{""keep"": true, ""suggested_class"": ""1A""}"
http://rdf.glyconavi.org/CarTNa/CarTNa108/trivialname	GD3	"{""keep"": true, ""suggested_class"": ""1A""}"
http://rdf.glyconavi.org/CarTNa/CarTNa13/trivialname	GM1	"{""keep"": true, ""suggested_class"": ""1A""}"
http://rdf.glyconavi.org/CarTNa/CarTNa96/trivialname	GM1	"{""keep"": true, ""suggested_class"": ""1A""}"
http://rdf.glyconavi.org/CarTNa/CarTNa102/trivialname	GM2	"{""keep"": true, ""suggested_class"": ""1A""}"
http://rdf.glyconavi.org/CarTNa/CarTNa14/trivialname	GM2	"{""keep"": true, ""suggested_class"": ""1A""}"
http://rdf.glyconavi.org/CarTNa/CarTNa15/trivialname	GM3	"{""keep"": true, ""suggested_class"": ""1A""}"
http://rdf.glyconavi.org/CarTNa/CarTNa50/trivialname	GM3	"{""keep"": true, ""suggested_class"": ""1A""}"
http://rdf.glyconavi.org/CarTNa/CarTNa49/trivialname	GM3 (no spacer)	"{""keep"": true, ""suggested_class"": ""1A""}"
http://rdf.glyconavi.org/CarTNa/CarTNa16/trivialname	GM3(NeuGc)	"{""keep"": true, ""suggested_class"": ""1A""}"
http://rdf.glyconavi.org/CarTNa/CarTNa23/trivialname	GN	"{""keep"": true, ""suggested_class"": ""3B""}"
http://rdf.glyconavi.org/CarTNa/CarTNa44/trivialname	GNLN	"{""keep"": true, ""suggested_class"": ""2D""}"
http://rdf.glyconavi.org/CarTNa/CarTNa17/trivialname	GQ1b	"{""keep"": true, ""suggested_class"": ""1A""}"
http://rdf.glyconavi.org/CarTNa/CarTNa111/trivialname	GQ2	"{""keep"": true, ""suggested_class"": ""1A""}"
http://rdf.glyconavi.org/CarTNa/CarTNa18/trivialname	GT1b	"{""keep"": true, ""suggested_class"": ""1A""}"
http://rdf.glyconavi.org/CarTNa/CarTNa110/trivialname	GT2	"{""keep"": true, ""suggested_class"": ""1A""}"
http://rdf.glyconavi.org/CarTNa/CarTNa109/trivialname	GT3	"{""keep"": true, ""suggested_class"": ""1A""}"
http://rdf.glyconavi.org/CarTNa/CarTNa35/trivialname	Gala3-type1	"{""keep"": true, ""suggested_class"": ""1A""}"
http://rdf.glyconavi.org/CarTNa/CarTNa71/trivialname	Gala3Lex	"{""keep"": true, ""suggested_class"": ""1A""}"
http://rdf.glyconavi.org/CarTNa/CarTNa234/trivialname	Galabiose	"{""keep"": true, ""suggested_class"": ""3B""}"
http://rdf.glyconavi.org/CarTNa/CarTNa6/trivialname	Galactocerebroside (2-hydoxy fatty acid)	"{""keep"": true, ""suggested_class"": ""1A""}"
http://rdf.glyconavi.org/CarTNa/CarTNa5/trivialname	Galactocerebroside (non-hydroxy fatty acid)	"{""keep"": true, ""suggested_class"": ""1A""}"
http://rdf.glyconavi.org/CarTNa/CarTNa205/trivialname	Galactosamine	"{""keep"": true, ""suggested_class"": ""3B""}"
http://rdf.glyconavi.org/CarTNa/CarTNa207/trivialname	Galactose	"{""keep"": true, ""suggested_class"": ""3B""}"
http://rdf.glyconavi.org/CarTNa/CarTNa36/trivialname	Galili-tri	"{""keep"": true, ""suggested_class"": ""1A""}"
http://rdf.glyconavi.org/CarTNa/CarTNa237/trivialname	Gangliotetraose	"{""keep"": true, ""suggested_class"": ""1A""}"
http://rdf.glyconavi.org/CarTNa/CarTNa236/trivialname	Gangliotriose	"{""keep"": true, ""suggested_class"": ""1A""}"
http://rdf.glyconavi.org/CarTNa/CarTNa117/trivialname	Garosamine	"{""keep"": true, ""suggested_class"": ""3B""}"
http://rdf.glyconavi.org/CarTNa/CarTNa7/trivialname	Gb4	"{""keep"": true, ""suggested_class"": ""1A""}"
http://rdf.glyconavi.org/CarTNa/CarTNa148/trivialname	Gentianose	"{""keep"": true, ""suggested_class"": ""1A""}"
http://rdf.glyconavi.org/CarTNa/CarTNa149/trivialname	Gentiobiose	"{""keep"": true, ""suggested_class"": ""3B""}"
http://rdf.glyconavi.org/CarTNa/CarTNa241/trivialname	Globotetraose	"{""keep"": true, ""suggested_class"": ""1A""}"
http://rdf.glyconavi.org/CarTNa/CarTNa240/trivialname	Globotriose	"{""keep"": true, ""suggested_class"": ""1A""}"
http://rdf.glyconavi.org/CarTNa/CarTNa11/trivialname	Glucocerebrosides	"{""keep"": true, ""suggested_class"": ""1A""}"
http://rdf.glyconavi.org/CarTNa/CarTNa12/trivialname	Glucopsychosine	"{""keep"": true, ""suggested_class"": ""DISCARD""}"
http://rdf.glyconavi.org/CarTNa/CarTNa208/trivialname	Glucosamine	"{""keep"": true, ""suggested_class"": ""3B""}"
http://rdf.glyconavi.org/CarTNa/CarTNa209/trivialname	Glucosaminitol	"{""keep"": true, ""suggested_class"": ""3B""}"
http://rdf.glyconavi.org/CarTNa/CarTNa210/trivialname	Glucose	"{""keep"": true, ""suggested_class"": ""3B""}"
http://rdf.glyconavi.org/CarTNa/CarTNa211/trivialname	Glyceraldehyde	"{""keep"": true, ""suggested_class"": ""3B""}"
http://rdf.glyconavi.org/CarTNa/CarTNa212/trivialname	Glycerol	"{""keep"": true, ""suggested_class"": ""DISCARD""}"
http://rdf.glyconavi.org/CarTNa/CarTNa213/trivialname	Glycerone	"{""keep"": true, ""suggested_class"": ""3B""}"
http://rdf.glyconavi.org/CarTNa/CarTNa214/trivialname	Gulose	"{""keep"": true, ""suggested_class"": ""3B""}"
http://rdf.glyconavi.org/CarTNa/CarTNa32/trivialname	H-type1	"{""keep"": true, ""suggested_class"": ""1A""}"
http://rdf.glyconavi.org/CarTNa/CarTNa34/trivialname	H-type2	"{""keep"": true, ""suggested_class"": ""1A""}"
http://rdf.glyconavi.org/CarTNa/CarTNa62/trivialname	H2	"{""keep"": true, ""suggested_class"": ""1A""}"
http://rdf.glyconavi.org/CarTNa/CarTNa66/trivialname	H3	"{""keep"": true, ""suggested_class"": ""1A""}"
http://rdf.glyconavi.org/CarTNa/CarTNa150/trivialname	Hamamelose	"{""keep"": true, ""suggested_class"": ""3B""}"
http://rdf.glyconavi.org/CarTNa/CarTNa215/trivialname	Idose	"{""keep"": true, ""suggested_class"": ""3B""}"
http://rdf.glyconavi.org/CarTNa/CarTNa151/trivialname	Inulin	"{""keep"": true, ""suggested_class"": ""1C""}"
http://rdf.glyconavi.org/CarTNa/CarTNa242/trivialname	Isoglobotriose	"{""keep"": true, ""suggested_class"": ""1A""}"
http://rdf.glyconavi.org/CarTNa/CarTNa152/trivialname	Isolevoglucosenone	"{""keep"": true, ""suggested_class"": ""DISCARD""}"
http://rdf.glyconavi.org/CarTNa/CarTNa153/trivialname	Isomaltose	"{""keep"": true, ""suggested_class"": ""3B""}"
http://rdf.glyconavi.org/CarTNa/CarTNa154/trivialname	Isomaltotriose	"{""keep"": true, ""suggested_class"": ""DISCARD""}"
http://rdf.glyconavi.org/CarTNa/CarTNa155/trivialname	Isopanose	"{""keep"": true, ""suggested_class"": ""3B""}"
http://rdf.glyconavi.org/CarTNa/CarTNa118/trivialname	Kanosamine	"{""keep"": true, ""suggested_class"": ""3B""}"
http://rdf.glyconavi.org/CarTNa/CarTNa119/trivialname	Kansosamine	"{""keep"": true, ""suggested_class"": ""3B""}"
http://rdf.glyconavi.org/CarTNa/CarTNa156/trivialname	Kojibiose	"{""keep"": true, ""suggested_class"": ""3B""}"
http://rdf.glyconavi.org/CarTNa/CarTNa202/trivialname	L-Fucitol	"{""keep"": true, ""suggested_class"": ""3B""}"
http://rdf.glyconavi.org/CarTNa/CarTNa28/trivialname	LDN	"{""keep"": true, ""suggested_class"": ""1B""}"
http://rdf.glyconavi.org/CarTNa/CarTNa31/trivialname	LN	"{""keep"": true, ""suggested_class"": ""1B""}"
http://rdf.glyconavi.org/CarTNa/CarTNa77/trivialname	LNT	"{""keep"": true, ""suggested_class"": ""1A""}"
http://rdf.glyconavi.org/CarTNa/CarTNa45/trivialname	LNT-2	"{""keep"": true, ""suggested_class"": ""1A""}"
http://rdf.glyconavi.org/CarTNa/CarTNa84/trivialname	LNnT	"{""keep"": true, ""suggested_class"": ""1A""}"
http://rdf.glyconavi.org/CarTNa/CarTNa26/trivialname	Lac	"{""keep"": true, ""suggested_class"": ""3B""}"
http://rdf.glyconavi.org/CarTNa/CarTNa27/trivialname	LacNAc	"{""keep"": true, ""suggested_class"": ""1B""}"
http://rdf.glyconavi.org/CarTNa/CarTNa158/trivialname	Lactosamine	"{""keep"": true, ""suggested_class"": ""1B""}"
http://rdf.glyconavi.org/CarTNa/CarTNa235/trivialname	Lactose	"{""keep"": true, ""suggested_class"": ""DISCARD""}"
http://rdf.glyconavi.org/CarTNa/CarTNa157/trivialname	Lactose	"{""keep"": true, ""suggested_class"": ""DISCARD""}"
http://rdf.glyconavi.org/CarTNa/CarTNa159/trivialname	Lactosediamine	"{""keep"": true, ""suggested_class"": ""3B""}"
http://rdf.glyconavi.org/CarTNa/CarTNa19/trivialname	Lactosylceramides	"{""keep"": true, ""suggested_class"": ""1A""}"
http://rdf.glyconavi.org/CarTNa/CarTNa238/trivialname	Lactotetraose	"{""keep"": true, ""suggested_class"": ""1A""}"
http://rdf.glyconavi.org/CarTNa/CarTNa160/trivialname	Laminarabiose	"{""keep"": true, ""suggested_class"": ""3B""}"
http://rdf.glyconavi.org/CarTNa/CarTNa40/trivialname	LeA	"{""keep"": true, ""suggested_class"": ""1A""}"
http://rdf.glyconavi.org/CarTNa/CarTNa73/trivialname	LeALex	"{""keep"": true, ""suggested_class"": ""1A""}"
http://rdf.glyconavi.org/CarTNa/CarTNa25/trivialname	Lec	"{""keep"": true, ""suggested_class"": ""DISCARD""}"
http://rdf.glyconavi.org/CarTNa/CarTNa75/trivialname	Lec-LeX	"{""keep"": true, ""suggested_class"": ""1A""}"
http://rdf.glyconavi.org/CarTNa/CarTNa161/trivialname	Levoglucosan	"{""keep"": true, ""suggested_class"": ""3B""}"
http://rdf.glyconavi.org/CarTNa/CarTNa162/trivialname	Levoglucosenone	"{""keep"": true, ""suggested_class"": ""DISCARD""}"
http://rdf.glyconavi.org/CarTNa/CarTNa42/trivialname	Lex	"{""keep"": true, ""suggested_class"": ""1A""}"
http://rdf.glyconavi.org/CarTNa/CarTNa81/trivialname	Lex-LeA	"{""keep"": true, ""suggested_class"": ""1A""}"
http://rdf.glyconavi.org/CarTNa/CarTNa63/trivialname	Ley	"{""keep"": true, ""suggested_class"": ""1A""}"
http://rdf.glyconavi.org/CarTNa/CarTNa64/trivialname	Ley -Lex	"{""keep"": true, ""suggested_class"": ""1A""}"
http://rdf.glyconavi.org/CarTNa/CarTNa65/trivialname	Ley-Di-Lex	"{""keep"": true, ""suggested_class"": ""1A""}"
http://rdf.glyconavi.org/CarTNa/CarTNa216/trivialname	Lyxose	"{""keep"": true, ""suggested_class"": ""3B""}"
http://rdf.glyconavi.org/CarTNa/CarTNa163/trivialname	Maltose	"{""keep"": true, ""suggested_class"": ""DISCARD""}"
http://rdf.glyconavi.org/CarTNa/CarTNa164/trivialname	Manninotriose	"{""keep"": true, ""suggested_class"": ""2B""}"
http://rdf.glyconavi.org/CarTNa/CarTNa217/trivialname	Mannosamine	"{""keep"": true, ""suggested_class"": ""3B""}"
http://rdf.glyconavi.org/CarTNa/CarTNa218/trivialname	Mannose	"{""keep"": true, ""suggested_class"": ""3B""}"
http://rdf.glyconavi.org/CarTNa/CarTNa165/trivialname	Melezitose	"{""keep"": true, ""suggested_class"": ""2B""}"
http://rdf.glyconavi.org/CarTNa/CarTNa166/trivialname	Melibiose	"{""keep"": true, ""suggested_class"": ""3B""}"
http://rdf.glyconavi.org/CarTNa/CarTNa167/trivialname	Muramic acid	"{""keep"": true, ""suggested_class"": ""3B""}"
http://rdf.glyconavi.org/CarTNa/CarTNa120/trivialname	Mycaminose	"{""keep"": true, ""suggested_class"": ""3B""}"
http://rdf.glyconavi.org/CarTNa/CarTNa168/trivialname	Mycarose	"{""keep"": true, ""suggested_class"": ""3B""}"
http://rdf.glyconavi.org/CarTNa/CarTNa169/trivialname	Mycinose	"{""keep"": true, ""suggested_class"": ""3B""}"
http://rdf.glyconavi.org/CarTNa/CarTNa121/trivialname	Mycosamine	"{""keep"": true, ""suggested_class"": ""3B""}"
http://rdf.glyconavi.org/CarTNa/CarTNa239/trivialname	Neolactotetraose	"{""keep"": true, ""suggested_class"": ""1A""}"
http://rdf.glyconavi.org/CarTNa/CarTNa170/trivialname	Neuraminic acid	"{""keep"": true, ""suggested_class"": ""3B""}"
http://rdf.glyconavi.org/CarTNa/CarTNa171/trivialname	Nigerose	"{""keep"": true, ""suggested_class"": ""3B""}"
http://rdf.glyconavi.org/CarTNa/CarTNa172/trivialname	Nojirimycin	"{""keep"": true, ""suggested_class"": ""3B""}"
http://rdf.glyconavi.org/CarTNa/CarTNa173/trivialname	Noviose	"{""keep"": true, ""suggested_class"": ""3B""}"
http://rdf.glyconavi.org/CarTNa/CarTNa174/trivialname	Oleandrose	"{""keep"": true, ""suggested_class"": ""3B""}"
http://rdf.glyconavi.org/CarTNa/CarTNa76/trivialname	P1 penta	"{""keep"": true, ""suggested_class"": ""1A""}"
http://rdf.glyconavi.org/CarTNa/CarTNa72/trivialname	P1 penta	"{""keep"": true, ""suggested_class"": ""1A""}"
http://rdf.glyconavi.org/CarTNa/CarTNa89/trivialname	P1 tetra	"{""keep"": true, ""suggested_class"": ""1A""}"
http://rdf.glyconavi.org/CarTNa/CarTNa39/trivialname	P1 tri	"{""keep"": true, ""suggested_class"": ""1A""}"
http://rdf.glyconavi.org/CarTNa/CarTNa175/trivialname	Panose	"{""keep"": true, ""suggested_class"": ""3B""}"
http://rdf.glyconavi.org/CarTNa/CarTNa176/trivialname	Paratose	"{""keep"": true, ""suggested_class"": ""3B""}"
http://rdf.glyconavi.org/CarTNa/CarTNa122/trivialname	Perosamine	"{""keep"": true, ""suggested_class"": ""3B""}"
http://rdf.glyconavi.org/CarTNa/CarTNa38/trivialname	Pk	"{""keep"": true, ""suggested_class"": ""1A""}"
http://rdf.glyconavi.org/CarTNa/CarTNa177/trivialname	Planteose	"{""keep"": true, ""suggested_class"": ""2B""}"
http://rdf.glyconavi.org/CarTNa/CarTNa123/trivialname	Pneumosamine	"{""keep"": true, ""suggested_class"": ""3B""}"
http://rdf.glyconavi.org/CarTNa/CarTNa178/trivialname	Primeverose	"{""keep"": true, ""suggested_class"": ""3B""}"
http://rdf.glyconavi.org/CarTNa/CarTNa219/trivialname	Psicose	"{""keep"": true, ""suggested_class"": ""3B""}"
http://rdf.glyconavi.org/CarTNa/CarTNa124/trivialname	Purpurosamine C	"{""keep"": true, ""suggested_class"": ""3B""}"
http://rdf.glyconavi.org/CarTNa/CarTNa221/trivialname	Quinovosamine	"{""keep"": true, ""suggested_class"": ""3B""}"
http://rdf.glyconavi.org/CarTNa/CarTNa220/trivialname	Quinovose	"{""keep"": true, ""suggested_class"": ""3B""}"
http://rdf.glyconavi.org/CarTNa/CarTNa179/trivialname	Raffinose	"{""keep"": true, ""suggested_class"": ""1C""}"
http://rdf.glyconavi.org/CarTNa/CarTNa222/trivialname	Rhamnitol	"{""keep"": true, ""suggested_class"": ""3B""}"
http://rdf.glyconavi.org/CarTNa/CarTNa223/trivialname	Rhamnosamine	"{""keep"": true, ""suggested_class"": ""3B""}"
http://rdf.glyconavi.org/CarTNa/CarTNa224/trivialname	Rhamnose	"{""keep"": true, ""suggested_class"": ""3B""}"
http://rdf.glyconavi.org/CarTNa/CarTNa180/trivialname	Rhodinose	"{""keep"": true, ""suggested_class"": ""3B""}"
http://rdf.glyconavi.org/CarTNa/CarTNa125/trivialname	Rhodosamine	"{""keep"": true, ""suggested_class"": ""3B""}"
http://rdf.glyconavi.org/CarTNa/CarTNa225/trivialname	Ribose	"{""keep"": true, ""suggested_class"": ""3B""}"
http://rdf.glyconavi.org/CarTNa/CarTNa226/trivialname	Ribulose	"{""keep"": true, ""suggested_class"": ""3B""}"
http://rdf.glyconavi.org/CarTNa/CarTNa181/trivialname	Rutinose	"{""keep"": true, ""suggested_class"": ""3B""}"
http://rdf.glyconavi.org/CarTNa/CarTNa93/trivialname	SSEA-4	"{""keep"": true, ""suggested_class"": ""1A""}"
http://rdf.glyconavi.org/CarTNa/CarTNa29/trivialname	STn	"{""keep"": true, ""suggested_class"": ""1A""}"
http://rdf.glyconavi.org/CarTNa/CarTNa182/trivialname	Sarmentose	"{""keep"": true, ""suggested_class"": ""3B""}"
http://rdf.glyconavi.org/CarTNa/CarTNa184/trivialname	Sedoheptulosan	"{""keep"": true, ""suggested_class"": ""1C""}"
http://rdf.glyconavi.org/CarTNa/CarTNa183/trivialname	Sedoheptulose	"{""keep"": true, ""suggested_class"": ""3B""}"
http://rdf.glyconavi.org/CarTNa/CarTNa185/trivialname	Solatriose	"{""keep"": true, ""suggested_class"": ""2A""}"
http://rdf.glyconavi.org/CarTNa/CarTNa186/trivialname	Sophorose	"{""keep"": true, ""suggested_class"": ""3B""}"
http://rdf.glyconavi.org/CarTNa/CarTNa227/trivialname	Sorbose	"{""keep"": true, ""suggested_class"": ""3B""}"
http://rdf.glyconavi.org/CarTNa/CarTNa187/trivialname	Stachyose	"{""keep"": true, ""suggested_class"": ""2A""}"
http://rdf.glyconavi.org/CarTNa/CarTNa188/trivialname	Streptose	"{""keep"": true, ""suggested_class"": ""3B""}"
http://rdf.glyconavi.org/CarTNa/CarTNa189/trivialname	Sucrose	"{""keep"": true, ""suggested_class"": ""DISCARD""}"
http://rdf.glyconavi.org/CarTNa/CarTNa22/trivialname	Sulfatide	"{""keep"": true, ""suggested_class"": ""1A""}"
http://rdf.glyconavi.org/CarTNa/CarTNa24/trivialname	TF	"{""keep"": true, ""suggested_class"": ""1A""}"
http://rdf.glyconavi.org/CarTNa/CarTNa228/trivialname	Tagatose	"{""keep"": true, ""suggested_class"": ""3B""}"
http://rdf.glyconavi.org/CarTNa/CarTNa229/trivialname	Talose	"{""keep"": true, ""suggested_class"": ""3B""}"
http://rdf.glyconavi.org/CarTNa/CarTNa230/trivialname	Tartaric acid	"{""keep"": true, ""suggested_class"": ""DISCARD""}"
http://rdf.glyconavi.org/CarTNa/CarTNa231/trivialname	Threose	"{""keep"": true, ""suggested_class"": ""3B""}"
http://rdf.glyconavi.org/CarTNa/CarTNa191/trivialname	Trehalosamine	"{""keep"": true, ""suggested_class"": ""3B""}"
http://rdf.glyconavi.org/CarTNa/CarTNa83/trivialname	Tri-LN	"{""keep"": true, ""suggested_class"": ""1B""}"
http://rdf.glyconavi.org/CarTNa/CarTNa80/trivialname	Tri-Lex	"{""keep"": true, ""suggested_class"": ""1A""}"
http://rdf.glyconavi.org/CarTNa/CarTNa192/trivialname	Turanose	"{""keep"": true, ""suggested_class"": ""3B""}"
http://rdf.glyconavi.org/CarTNa/CarTNa193/trivialname	Tyvelose	"{""keep"": true, ""suggested_class"": ""3B""}"
http://rdf.glyconavi.org/CarTNa/CarTNa194/trivialname	Umbelliferose	"{""keep"": true, ""suggested_class"": ""2A""}"
http://rdf.glyconavi.org/CarTNa/CarTNa232/trivialname	Xylose	"{""keep"": true, ""suggested_class"": ""3B""}"
http://rdf.glyconavi.org/CarTNa/CarTNa233/trivialname	Xylulose	"{""keep"": true, ""suggested_class"": ""3B""}"
http://rdf.glyconavi.org/CarTNa/CarTNa1/trivialname	asialoGM1	"{""keep"": true, ""suggested_class"": ""1A""}"
http://rdf.glyconavi.org/CarTNa/CarTNa2/trivialname	asialoGM2	"{""keep"": true, ""suggested_class"": ""1A""}"
http://rdf.glyconavi.org/CarTNa/CarTNa20/trivialname	sialyl lactotetraosylceramide	"{""keep"": true, ""suggested_class"": ""1A""}"
https://identifiers.org/glyconavi/GN_CAN21	Î±(2-6)sialylÂ_ lactotetraosylceramide	"{""keep"": true, ""suggested_class"": ""2A""}"
http://rdf.glyconavi.org/CarTNa/CarTNa21/trivialname	Î±(2-6)sialylÂ_ lactotetraosylceramide	"{""keep"": true, ""suggested_class"": ""2A""}"
https://identifiers.org/glyconavi/GN_CAN21	α(2-6)sialyl  lactotetraosylceramide	"{""keep"": true, ""suggested_class"": ""2A""}"
https://identifiers.org/glyconavi/GN_CAN52	3'SLDN	"{""keep"": true, ""suggested_class"": ""1B""}"
https://identifiers.org/glyconavi/GN_CAN51	3'SLN	"{""keep"": true, ""suggested_class"": ""2A""}"
https://identifiers.org/glyconavi/GN_CAN60	3'SLN (Gc)	"{""keep"": true, ""suggested_class"": ""2B""}"
https://identifiers.org/glyconavi/GN_CAN101	3'SLN-Lec	"{""keep"": true, ""suggested_class"": ""1A""}"
https://identifiers.org/glyconavi/GN_CAN92	3'SLeA-LeX	"{""keep"": true, ""suggested_class"": ""1A""}"
https://identifiers.org/glyconavi/GN_CAN48	3'SLec	"{""keep"": true, ""suggested_class"": ""1A""}"
https://identifiers.org/glyconavi/GN_CAN58	3'SLec (Gc)	"{""keep"": true, ""suggested_class"": ""1A""}"
https://identifiers.org/glyconavi/GN_CAN95	3'SLecLN	"{""keep"": true, ""suggested_class"": ""1A""}"
https://identifiers.org/glyconavi/GN_CAN97	3'SLex	"{""keep"": true, ""suggested_class"": ""1A""}"
https://identifiers.org/glyconavi/GN_CAN100	3'STri-LN	"{""keep"": true, ""suggested_class"": ""2B""}"
https://identifiers.org/glyconavi/GN_CAN105	6'S-Di-LN	"{""keep"": true, ""suggested_class"": ""2B""}"
https://identifiers.org/glyconavi/GN_CAN53	6'SL	"{""keep"": true, ""suggested_class"": ""1A""}"
https://identifiers.org/glyconavi/GN_CAN55	6'SLDN	"{""keep"": true, ""suggested_class"": ""2B""}"
https://identifiers.org/glyconavi/GN_CAN54	6'SLN	"{""keep"": true, ""suggested_class"": ""2B""}"
https://identifiers.org/glyconavi/GN_CAN61	6'SLN (Gc)	"{""keep"": true, ""suggested_class"": ""2B""}"
https://identifiers.org/glyconavi/GN_CAN41	6'STF	"{""keep"": true, ""suggested_class"": ""1A""}"
https://identifiers.org/glyconavi/GN_CAN106	6SLN-Lec	"{""keep"": true, ""suggested_class"": ""1A""}"
https://identifiers.org/glyconavi/GN_CAN57	9OAc3'SLN	"{""keep"": true, ""suggested_class"": ""2B""}"
https://identifiers.org/glyconavi/GN_CAN56	9OAc3'Slec	"{""keep"": true, ""suggested_class"": ""1A""}"
https://identifiers.org/glyconavi/GN_CAN87	A tetra L	"{""keep"": true, ""suggested_class"": ""1A""}"
https://identifiers.org/glyconavi/GN_CAN85	A tetra type 1	"{""keep"": true, ""suggested_class"": ""1A""}"
https://identifiers.org/glyconavi/GN_CAN88	A tetra type 2	"{""keep"": true, ""suggested_class"": ""1A""}"
https://identifiers.org/glyconavi/GN_CAN126	Abequose	"{""keep"": true, ""suggested_class"": ""3B""}"
https://identifiers.org/glyconavi/GN_CAN112	Acosamine	"{""keep"": true, ""suggested_class"": ""3B""}"
https://identifiers.org/glyconavi/GN_CAN195	Allose	"{""keep"": true, ""suggested_class"": ""3B""}"
https://identifiers.org/glyconavi/GN_CAN196	Altrose	"{""keep"": true, ""suggested_class"": ""3B""}"
https://identifiers.org/glyconavi/GN_CAN127	Amicetose	"{""keep"": true, ""suggested_class"": ""3B""}"
https://identifiers.org/glyconavi/GN_CAN128	Amylose	"{""keep"": true, ""suggested_class"": ""1C""}"
https://identifiers.org/glyconavi/GN_CAN129	Apiose	"{""keep"": true, ""suggested_class"": ""3B""}"
https://identifiers.org/glyconavi/GN_CAN197	Arabinose	"{""keep"": true, ""suggested_class"": ""3B""}"
https://identifiers.org/glyconavi/GN_CAN130	Arcanose	"{""keep"": true, ""suggested_class"": ""3B""}"
https://identifiers.org/glyconavi/GN_CAN131	Ascarylose	"{""keep"": true, ""suggested_class"": ""3B""}"
https://identifiers.org/glyconavi/GN_CAN132	Ascorbic acid	"{""keep"": true, ""suggested_class"": ""DISCARD""}"
https://identifiers.org/glyconavi/GN_CAN69	B tetra L	"{""keep"": true, ""suggested_class"": ""1A""}"
https://identifiers.org/glyconavi/GN_CAN67	B tetra type 1	"{""keep"": true, ""suggested_class"": ""1A""}"
https://identifiers.org/glyconavi/GN_CAN70	B tetra type 2	"{""keep"": true, ""suggested_class"": ""1A""}"
https://identifiers.org/glyconavi/GN_CAN37	B2-tri	"{""keep"": true, ""suggested_class"": ""1A""}"
https://identifiers.org/glyconavi/GN_CAN113	Bacillosamine	"{""keep"": true, ""suggested_class"": ""3B""}"
https://identifiers.org/glyconavi/GN_CAN133	Boivinose	"{""keep"": true, ""suggested_class"": ""3B""}"
https://identifiers.org/glyconavi/GN_CAN103	CT/Sda	"{""keep"": true, ""suggested_class"": ""1A""}"
https://identifiers.org/glyconavi/GN_CAN134	Cellobiose	"{""keep"": true, ""suggested_class"": ""DISCARD""}"
https://identifiers.org/glyconavi/GN_CAN135	Cellotriose	"{""keep"": true, ""suggested_class"": ""DISCARD""}"
https://identifiers.org/glyconavi/GN_CAN3	Ceramide trihexosides(CTH)	"{""keep"": true, ""suggested_class"": ""3A""}"
https://identifiers.org/glyconavi/GN_CAN136	Chacotriose	"{""keep"": true, ""suggested_class"": ""DISCARD""}"
https://identifiers.org/glyconavi/GN_CAN137	Chalcose	"{""keep"": true, ""suggested_class"": ""3B""}"
https://identifiers.org/glyconavi/GN_CAN138	Cladinose	"{""keep"": true, ""suggested_class"": ""3B""}"
https://identifiers.org/glyconavi/GN_CAN139	Colitose	"{""keep"": true, ""suggested_class"": ""3B""}"
https://identifiers.org/glyconavi/GN_CAN140	Cymarose	"{""keep"": true, ""suggested_class"": ""3B""}"
https://identifiers.org/glyconavi/GN_CAN201	D-Fucitol	"{""keep"": true, ""suggested_class"": ""3B""}"
https://identifiers.org/glyconavi/GN_CAN206	D-Galactosaminitol	"{""keep"": true, ""suggested_class"": ""3B""}"
https://identifiers.org/glyconavi/GN_CAN114	Daunosamine	"{""keep"": true, ""suggested_class"": ""3B""}"
https://identifiers.org/glyconavi/GN_CAN115	Desosamine	"{""keep"": true, ""suggested_class"": ""3B""}"
https://identifiers.org/glyconavi/GN_CAN82	Di-LN	"{""keep"": true, ""suggested_class"": ""1B""}"
https://identifiers.org/glyconavi/GN_CAN74	Di-LeA	"{""keep"": true, ""suggested_class"": ""1A""}"
https://identifiers.org/glyconavi/GN_CAN78	Di-Lec	"{""keep"": true, ""suggested_class"": ""1A""}"
https://identifiers.org/glyconavi/GN_CAN79	Di-Lex	"{""keep"": true, ""suggested_class"": ""1A""}"
https://identifiers.org/glyconavi/GN_CAN143	Diginose	"{""keep"": true, ""suggested_class"": ""3B""}"
https://identifiers.org/glyconavi/GN_CAN144	Digitalose	"{""keep"": true, ""suggested_class"": ""3B""}"
https://identifiers.org/glyconavi/GN_CAN145	Digitoxose	"{""keep"": true, ""suggested_class"": ""3B""}"
https://identifiers.org/glyconavi/GN_CAN198	Erythrose	"{""keep"": true, ""suggested_class"": ""3B""}"
https://identifiers.org/glyconavi/GN_CAN199	Erythrulose	"{""keep"": true, ""suggested_class"": ""3B""}"
https://identifiers.org/glyconavi/GN_CAN146	Evalose	"{""keep"": true, ""suggested_class"": ""3B""}"
https://identifiers.org/glyconavi/GN_CAN147	Evernitrose	"{""keep"": true, ""suggested_class"": ""3B""}"
https://identifiers.org/glyconavi/GN_CAN116	Forosamine	"{""keep"": true, ""suggested_class"": ""3B""}"
https://identifiers.org/glyconavi/GN_CAN200	Fructose	"{""keep"": true, ""suggested_class"": ""3B""}"
https://identifiers.org/glyconavi/GN_CAN203	Fucosamine	"{""keep"": true, ""suggested_class"": ""3B""}"
https://identifiers.org/glyconavi/GN_CAN204	Fucose	"{""keep"": true, ""suggested_class"": ""3B""}"
https://identifiers.org/glyconavi/GN_CAN4	Fucosyl GM1	"{""keep"": true, ""suggested_class"": ""1A""}"
https://identifiers.org/glyconavi/GN_CAN104	GD1a	"{""keep"": true, ""suggested_class"": ""1A""}"
https://identifiers.org/glyconavi/GN_CAN8	GD1a	"{""keep"": true, ""suggested_class"": ""1A""}"
https://identifiers.org/glyconavi/GN_CAN9	GD1b	"{""keep"": true, ""suggested_class"": ""1A""}"
https://identifiers.org/glyconavi/GN_CAN107	GD2	"{""keep"": true, ""suggested_class"": ""1A""}"
https://identifiers.org/glyconavi/GN_CAN108	GD3	"{""keep"": true, ""suggested_class"": ""1A""}"
https://identifiers.org/glyconavi/GN_CAN10	GD3	"{""keep"": true, ""suggested_class"": ""1A""}"
https://identifiers.org/glyconavi/GN_CAN13	GM1	"{""keep"": true, ""suggested_class"": ""1A""}"
https://identifiers.org/glyconavi/GN_CAN96	GM1	"{""keep"": true, ""suggested_class"": ""1A""}"
https://identifiers.org/glyconavi/GN_CAN102	GM2	"{""keep"": true, ""suggested_class"": ""1A""}"
https://identifiers.org/glyconavi/GN_CAN14	GM2	"{""keep"": true, ""suggested_class"": ""1A""}"
https://identifiers.org/glyconavi/GN_CAN50	GM3	"{""keep"": true, ""suggested_class"": ""1A""}"
https://identifiers.org/glyconavi/GN_CAN15	GM3	"{""keep"": true, ""suggested_class"": ""1A""}"
https://identifiers.org/glyconavi/GN_CAN49	GM3 (no spacer)	"{""keep"": true, ""suggested_class"": ""1A""}"
https://identifiers.org/glyconavi/GN_CAN16	GM3(NeuGc)	"{""keep"": true, ""suggested_class"": ""1A""}"
https://identifiers.org/glyconavi/GN_CAN23	GN	"{""keep"": true, ""suggested_class"": ""3B""}"
https://identifiers.org/glyconavi/GN_CAN44	GNLN	"{""keep"": true, ""suggested_class"": ""1B""}"
https://identifiers.org/glyconavi/GN_CAN17	GQ1b	"{""keep"": true, ""suggested_class"": ""1A""}"
https://identifiers.org/glyconavi/GN_CAN111	GQ2	"{""keep"": true, ""suggested_class"": ""1A""}"
https://identifiers.org/glyconavi/GN_CAN18	GT1b	"{""keep"": true, ""suggested_class"": ""1A""}"
https://identifiers.org/glyconavi/GN_CAN110	GT2	"{""keep"": true, ""suggested_class"": ""1A""}"
https://identifiers.org/glyconavi/GN_CAN109	GT3	"{""keep"": true, ""suggested_class"": ""1A""}"
https://identifiers.org/glyconavi/GN_CAN35	Gala3-type1	"{""keep"": true, ""suggested_class"": ""1A""}"
https://identifiers.org/glyconavi/GN_CAN71	Gala3Lex	"{""keep"": true, ""suggested_class"": ""1A""}"
https://identifiers.org/glyconavi/GN_CAN234	Galabiose	"{""keep"": true, ""suggested_class"": ""3B""}"
https://identifiers.org/glyconavi/GN_CAN6	Galactocerebroside (2-hydoxy fatty acid)	"{""keep"": true, ""suggested_class"": ""DISCARD""}"
https://identifiers.org/glyconavi/GN_CAN5	Galactocerebroside (non-hydroxy fatty acid)	"{""keep"": true, ""suggested_class"": ""1A""}"
https://identifiers.org/glyconavi/GN_CAN205	Galactosamine	"{""keep"": true, ""suggested_class"": ""3B""}"
https://identifiers.org/glyconavi/GN_CAN207	Galactose	"{""keep"": true, ""suggested_class"": ""3B""}"
https://identifiers.org/glyconavi/GN_CAN36	Galili-tri	"{""keep"": true, ""suggested_class"": ""1A""}"
https://identifiers.org/glyconavi/GN_CAN237	Gangliotetraose	"{""keep"": true, ""suggested_class"": ""1A""}"
https://identifiers.org/glyconavi/GN_CAN236	Gangliotriose	"{""keep"": true, ""suggested_class"": ""1A""}"
https://identifiers.org/glyconavi/GN_CAN117	Garosamine	"{""keep"": true, ""suggested_class"": ""3B""}"
https://identifiers.org/glyconavi/GN_CAN7	Gb4	"{""keep"": true, ""suggested_class"": ""1A""}"
https://identifiers.org/glyconavi/GN_CAN148	Gentianose	"{""keep"": true, ""suggested_class"": ""DISCARD""}"
https://identifiers.org/glyconavi/GN_CAN149	Gentiobiose	"{""keep"": true, ""suggested_class"": ""3B""}"
https://identifiers.org/glyconavi/GN_CAN241	Globotetraose	"{""keep"": true, ""suggested_class"": ""1A""}"
https://identifiers.org/glyconavi/GN_CAN240	Globotriose	"{""keep"": true, ""suggested_class"": ""1A""}"
https://identifiers.org/glyconavi/GN_CAN11	Glucocerebrosides	"{""keep"": true, ""suggested_class"": ""1A""}"
https://identifiers.org/glyconavi/GN_CAN12	Glucopsychosine	"{""keep"": true, ""suggested_class"": ""1A""}"
https://identifiers.org/glyconavi/GN_CAN208	Glucosamine	"{""keep"": true, ""suggested_class"": ""3B""}"
https://identifiers.org/glyconavi/GN_CAN209	Glucosaminitol	"{""keep"": true, ""suggested_class"": ""3B""}"
https://identifiers.org/glyconavi/GN_CAN210	Glucose	"{""keep"": true, ""suggested_class"": ""3B""}"
https://identifiers.org/glyconavi/GN_CAN211	Glyceraldehyde	"{""keep"": true, ""suggested_class"": ""3B""}"
https://identifiers.org/glyconavi/GN_CAN212	Glycerol	"{""keep"": true, ""suggested_class"": ""DISCARD""}"
https://identifiers.org/glyconavi/GN_CAN213	Glycerone	"{""keep"": true, ""suggested_class"": ""3B""}"
https://identifiers.org/glyconavi/GN_CAN214	Gulose	"{""keep"": true, ""suggested_class"": ""3B""}"
https://identifiers.org/glyconavi/GN_CAN32	H-type1	"{""keep"": true, ""suggested_class"": ""1A""}"
https://identifiers.org/glyconavi/GN_CAN34	H-type2	"{""keep"": true, ""suggested_class"": ""1A""}"
https://identifiers.org/glyconavi/GN_CAN62	H2	"{""keep"": true, ""suggested_class"": ""1A""}"
https://identifiers.org/glyconavi/GN_CAN66	H3	"{""keep"": true, ""suggested_class"": ""1A""}"
https://identifiers.org/glyconavi/GN_CAN150	Hamamelose	"{""keep"": true, ""suggested_class"": ""3B""}"
https://identifiers.org/glyconavi/GN_CAN215	Idose	"{""keep"": true, ""suggested_class"": ""3B""}"
https://identifiers.org/glyconavi/GN_CAN151	Inulin	"{""keep"": true, ""suggested_class"": ""1C""}"
https://identifiers.org/glyconavi/GN_CAN242	Isoglobotriose	"{""keep"": true, ""suggested_class"": ""2B""}"
https://identifiers.org/glyconavi/GN_CAN152	Isolevoglucosenone	"{""keep"": true, ""suggested_class"": ""DISCARD""}"
https://identifiers.org/glyconavi/GN_CAN153	Isomaltose	"{""keep"": true, ""suggested_class"": ""3B""}"
https://identifiers.org/glyconavi/GN_CAN154	Isomaltotriose	"{""keep"": true, ""suggested_class"": ""2B""}"
https://identifiers.org/glyconavi/GN_CAN155	Isopanose	"{""keep"": true, ""suggested_class"": ""3B""}"
https://identifiers.org/glyconavi/GN_CAN118	Kanosamine	"{""keep"": true, ""suggested_class"": ""3B""}"
https://identifiers.org/glyconavi/GN_CAN119	Kansosamine	"{""keep"": true, ""suggested_class"": ""3B""}"
https://identifiers.org/glyconavi/GN_CAN156	Kojibiose	"{""keep"": true, ""suggested_class"": ""3B""}"
https://identifiers.org/glyconavi/GN_CAN202	L-Fucitol	"{""keep"": true, ""suggested_class"": ""3B""}"
https://identifiers.org/glyconavi/GN_CAN28	LDN	"{""keep"": true, ""suggested_class"": ""1B""}"
https://identifiers.org/glyconavi/GN_CAN31	LN	"{""keep"": true, ""suggested_class"": ""1B""}"
https://identifiers.org/glyconavi/GN_CAN77	LNT	"{""keep"": true, ""suggested_class"": ""1A""}"
https://identifiers.org/glyconavi/GN_CAN45	LNT-2	"{""keep"": true, ""suggested_class"": ""1A""}"
https://identifiers.org/glyconavi/GN_CAN84	LNnT	"{""keep"": true, ""suggested_class"": ""1A""}"
https://identifiers.org/glyconavi/GN_CAN26	Lac	"{""keep"": true, ""suggested_class"": ""3B""}"
https://identifiers.org/glyconavi/GN_CAN27	LacNAc	"{""keep"": true, ""suggested_class"": ""1B""}"
https://identifiers.org/glyconavi/GN_CAN158	Lactosamine	"{""keep"": true, ""suggested_class"": ""1B""}"
https://identifiers.org/glyconavi/GN_CAN157	Lactose	"{""keep"": true, ""suggested_class"": ""3B""}"
https://identifiers.org/glyconavi/GN_CAN235	Lactose	"{""keep"": true, ""suggested_class"": ""3B""}"
https://identifiers.org/glyconavi/GN_CAN159	Lactosediamine	"{""keep"": true, ""suggested_class"": ""2B""}"
https://identifiers.org/glyconavi/GN_CAN19	Lactosylceramides	"{""keep"": true, ""suggested_class"": ""3A""}"
https://identifiers.org/glyconavi/GN_CAN238	Lactotetraose	"{""keep"": true, ""suggested_class"": ""2B""}"
https://identifiers.org/glyconavi/GN_CAN160	Laminarabiose	"{""keep"": true, ""suggested_class"": ""3B""}"
https://identifiers.org/glyconavi/GN_CAN40	LeA	"{""keep"": true, ""suggested_class"": ""1A""}"
https://identifiers.org/glyconavi/GN_CAN73	LeALex	"{""keep"": true, ""suggested_class"": ""1A""}"
https://identifiers.org/glyconavi/GN_CAN25	Lec	"{""keep"": true, ""suggested_class"": ""1A""}"
https://identifiers.org/glyconavi/GN_CAN75	Lec-LeX	"{""keep"": true, ""suggested_class"": ""1A""}"
https://identifiers.org/glyconavi/GN_CAN161	Levoglucosan	"{""keep"": true, ""suggested_class"": ""DISCARD""}"
https://identifiers.org/glyconavi/GN_CAN162	Levoglucosenone	"{""keep"": true, ""suggested_class"": ""DISCARD""}"
https://identifiers.org/glyconavi/GN_CAN42	Lex	"{""keep"": true, ""suggested_class"": ""1A""}"
https://identifiers.org/glyconavi/GN_CAN81	Lex-LeA	"{""keep"": true, ""suggested_class"": ""1A""}"
https://identifiers.org/glyconavi/GN_CAN63	Ley	"{""keep"": true, ""suggested_class"": ""1A""}"
https://identifiers.org/glyconavi/GN_CAN64	Ley -Lex	"{""keep"": true, ""suggested_class"": ""1A""}"
https://identifiers.org/glyconavi/GN_CAN65	Ley-Di-Lex	"{""keep"": true, ""suggested_class"": ""1A""}"
https://identifiers.org/glyconavi/GN_CAN216	Lyxose	"{""keep"": true, ""suggested_class"": ""3B""}"
https://identifiers.org/glyconavi/GN_CAN163	Maltose	"{""keep"": true, ""suggested_class"": ""DISCARD""}"
https://identifiers.org/glyconavi/GN_CAN164	Manninotriose	"{""keep"": true, ""suggested_class"": ""2B""}"
https://identifiers.org/glyconavi/GN_CAN217	Mannosamine	"{""keep"": true, ""suggested_class"": ""3B""}"
https://identifiers.org/glyconavi/GN_CAN218	Mannose	"{""keep"": true, ""suggested_class"": ""3B""}"
https://identifiers.org/glyconavi/GN_CAN165	Melezitose	"{""keep"": true, ""suggested_class"": ""DISCARD""}"
https://identifiers.org/glyconavi/GN_CAN166	Melibiose	"{""keep"": true, ""suggested_class"": ""3B""}"
https://identifiers.org/glyconavi/GN_CAN167	Muramic acid	"{""keep"": true, ""suggested_class"": ""3B""}"
https://identifiers.org/glyconavi/GN_CAN120	Mycaminose	"{""keep"": true, ""suggested_class"": ""3B""}"
https://identifiers.org/glyconavi/GN_CAN168	Mycarose	"{""keep"": true, ""suggested_class"": ""3B""}"
https://identifiers.org/glyconavi/GN_CAN169	Mycinose	"{""keep"": true, ""suggested_class"": ""3B""}"
https://identifiers.org/glyconavi/GN_CAN121	Mycosamine	"{""keep"": true, ""suggested_class"": ""3B""}"
https://identifiers.org/glyconavi/GN_CAN239	Neolactotetraose	"{""keep"": true, ""suggested_class"": ""DISCARD""}"
https://identifiers.org/glyconavi/GN_CAN170	Neuraminic acid	"{""keep"": true, ""suggested_class"": ""3B""}"
https://identifiers.org/glyconavi/GN_CAN171	Nigerose	"{""keep"": true, ""suggested_class"": ""3B""}"
https://identifiers.org/glyconavi/GN_CAN172	Nojirimycin	"{""keep"": true, ""suggested_class"": ""3B""}"
https://identifiers.org/glyconavi/GN_CAN173	Noviose	"{""keep"": true, ""suggested_class"": ""3B""}"
https://identifiers.org/glyconavi/GN_CAN174	Oleandrose	"{""keep"": true, ""suggested_class"": ""3B""}"
https://identifiers.org/glyconavi/GN_CAN76	P1 penta	"{""keep"": true, ""suggested_class"": ""1A""}"
https://identifiers.org/glyconavi/GN_CAN72	P1 penta	"{""keep"": true, ""suggested_class"": ""1A""}"
https://identifiers.org/glyconavi/GN_CAN89	P1 tetra	"{""keep"": true, ""suggested_class"": ""1A""}"
https://identifiers.org/glyconavi/GN_CAN39	P1 tri	"{""keep"": true, ""suggested_class"": ""1A""}"
https://identifiers.org/glyconavi/GN_CAN175	Panose	"{""keep"": true, ""suggested_class"": ""3B""}"
https://identifiers.org/glyconavi/GN_CAN176	Paratose	"{""keep"": true, ""suggested_class"": ""3B""}"
https://identifiers.org/glyconavi/GN_CAN122	Perosamine	"{""keep"": true, ""suggested_class"": ""3B""}"
https://identifiers.org/glyconavi/GN_CAN38	Pk	"{""keep"": true, ""suggested_class"": ""1A""}"
https://identifiers.org/glyconavi/GN_CAN177	Planteose	"{""keep"": true, ""suggested_class"": ""DISCARD""}"
https://identifiers.org/glyconavi/GN_CAN123	Pneumosamine	"{""keep"": true, ""suggested_class"": ""3B""}"
https://identifiers.org/glyconavi/GN_CAN178	Primeverose	"{""keep"": true, ""suggested_class"": ""3B""}"
https://identifiers.org/glyconavi/GN_CAN219	Psicose	"{""keep"": true, ""suggested_class"": ""3B""}"
https://identifiers.org/glyconavi/GN_CAN124	Purpurosamine C	"{""keep"": true, ""suggested_class"": ""3B""}"
https://identifiers.org/glyconavi/GN_CAN221	Quinovosamine	"{""keep"": true, ""suggested_class"": ""3B""}"
https://identifiers.org/glyconavi/GN_CAN220	Quinovose	"{""keep"": true, ""suggested_class"": ""3B""}"
https://identifiers.org/glyconavi/GN_CAN179	Raffinose	"{""keep"": true, ""suggested_class"": ""1C""}"
https://identifiers.org/glyconavi/GN_CAN222	Rhamnitol	"{""keep"": true, ""suggested_class"": ""3B""}"
https://identifiers.org/glyconavi/GN_CAN223	Rhamnosamine	"{""keep"": true, ""suggested_class"": ""3B""}"
https://identifiers.org/glyconavi/GN_CAN224	Rhamnose	"{""keep"": true, ""suggested_class"": ""3B""}"
https://identifiers.org/glyconavi/GN_CAN180	Rhodinose	"{""keep"": true, ""suggested_class"": ""3B""}"
https://identifiers.org/glyconavi/GN_CAN125	Rhodosamine	"{""keep"": true, ""suggested_class"": ""3B""}"
https://identifiers.org/glyconavi/GN_CAN225	Ribose	"{""keep"": true, ""suggested_class"": ""3B""}"
https://identifiers.org/glyconavi/GN_CAN226	Ribulose	"{""keep"": true, ""suggested_class"": ""3B""}"
https://identifiers.org/glyconavi/GN_CAN181	Rutinose	"{""keep"": true, ""suggested_class"": ""3B""}"
https://identifiers.org/glyconavi/GN_CAN93	SSEA-4	"{""keep"": true, ""suggested_class"": ""1A""}"
https://identifiers.org/glyconavi/GN_CAN29	STn	"{""keep"": true, ""suggested_class"": ""1A""}"
https://identifiers.org/glyconavi/GN_CAN182	Sarmentose	"{""keep"": true, ""suggested_class"": ""3B""}"
https://identifiers.org/glyconavi/GN_CAN184	Sedoheptulosan	"{""keep"": true, ""suggested_class"": ""3B""}"
https://identifiers.org/glyconavi/GN_CAN183	Sedoheptulose	"{""keep"": true, ""suggested_class"": ""3B""}"
https://identifiers.org/glyconavi/GN_CAN185	Solatriose	"{""keep"": true, ""suggested_class"": ""DISCARD""}"
https://identifiers.org/glyconavi/GN_CAN186	Sophorose	"{""keep"": true, ""suggested_class"": ""3B""}"
https://identifiers.org/glyconavi/GN_CAN227	Sorbose	"{""keep"": true, ""suggested_class"": ""3B""}"
https://identifiers.org/glyconavi/GN_CAN187	Stachyose	"{""keep"": true, ""suggested_class"": ""DISCARD""}"
https://identifiers.org/glyconavi/GN_CAN188	Streptose	"{""keep"": true, ""suggested_class"": ""3B""}"
https://identifiers.org/glyconavi/GN_CAN189	Sucrose	"{""keep"": true, ""suggested_class"": ""3B""}"
https://identifiers.org/glyconavi/GN_CAN22	Sulfatide	"{""keep"": true, ""suggested_class"": ""1A""}"
https://identifiers.org/glyconavi/GN_CAN24	TF	"{""keep"": true, ""suggested_class"": ""1A""}"
https://identifiers.org/glyconavi/GN_CAN228	Tagatose	"{""keep"": true, ""suggested_class"": ""3B""}"
https://identifiers.org/glyconavi/GN_CAN229	Talose	"{""keep"": true, ""suggested_class"": ""3B""}"
https://identifiers.org/glyconavi/GN_CAN230	Tartaric acid	"{""keep"": true, ""suggested_class"": ""DISCARD""}"
https://identifiers.org/glyconavi/GN_CAN231	Threose	"{""keep"": true, ""suggested_class"": ""3B""}"
https://identifiers.org/glyconavi/GN_CAN191	Trehalosamine	"{""keep"": true, ""suggested_class"": ""3B""}"
https://identifiers.org/glyconavi/GN_CAN83	Tri-LN	"{""keep"": true, ""suggested_class"": ""1B""}"
https://identifiers.org/glyconavi/GN_CAN80	Tri-Lex	"{""keep"": true, ""suggested_class"": ""1A""}"
https://identifiers.org/glyconavi/GN_CAN192	Turanose	"{""keep"": true, ""suggested_class"": ""3B""}"
https://identifiers.org/glyconavi/GN_CAN193	Tyvelose	"{""keep"": true, ""suggested_class"": ""3B""}"
https://identifiers.org/glyconavi/GN_CAN194	Umbelliferose	"{""keep"": true, ""suggested_class"": ""DISCARD""}"
https://identifiers.org/glyconavi/GN_CAN232	Xylose	"{""keep"": true, ""suggested_class"": ""3B""}"
https://identifiers.org/glyconavi/GN_CAN233	Xylulose	"{""keep"": true, ""suggested_class"": ""3B""}"
https://identifiers.org/glyconavi/GN_CAN1	asialoGM1	"{""keep"": true, ""suggested_class"": ""1A""}"
https://identifiers.org/glyconavi/GN_CAN2	asialoGM2	"{""keep"": true, ""suggested_class"": ""1A""}"
https://identifiers.org/glyconavi/GN_CAN20	sialyl lactotetraosylceramide	"{""keep"": true, ""suggested_class"": ""1A""}"
