Glycan determinant in N- and O-glycans and glycolipids	Trivial name (and reference)a	bgsl_curator_meta
Galβ1-4GlcNAcβ1-R	Type 2 LN (N-acetyllactosamine)	"{""keep"": true, ""suggested_class"": ""1B"", ""preferred_label_override"": ""Type 2 LN""}"
Galβ1-4GlcNAcβ1-3Galβ1-4GlcNAcβ1-R	Type 2 LN2 (“i” antigen)	"{""keep"": true, ""suggested_class"": ""1B"", ""preferred_label_override"": ""Type 2 LN2"", ""notes"": ""Has broad synonym \""i\"" antigen.""}"
Galβ1-4GlcNAcβ1-3(Galβ1-4GlcNAcβ1-6)Galβ1-4GlcNAcβ1-R	“I” antigen	"{""keep"": true, ""suggested_class"": ""1A""}"
Galβ1-4GlcNAcβ1-3Galβ1-4GlcNAcβ1-3Galβ1-4GlcNAcβ1-R	“i” antigen	"{""keep"": true, ""suggested_class"": ""1A""}"
Galβ1-3GlcNAcβ1-R	Type 1 LN	"{""keep"": true, ""suggested_class"": ""1B""}"
Galβ1-3GlcNAcβ1-3Galβ1-3GlcNAcβ1-R	Type 1 LN2	"{""keep"": true, ""suggested_class"": ""1B""}"
Galβ1-3GlcNAcβ1-3Galβ1-3GlcNAcβ1-3Galβ1-3GlcNAcβ1-R	Type 1 LN3	"{""keep"": true, ""suggested_class"": ""1B""}"
GalNAcα1-Ser/Thr	Tn antigen	"{""keep"": true, ""suggested_class"": ""1A""}"
Galβ1-3GalNAcα1-Ser/Thr	T (also TF) antigen	"{""keep"": true, ""suggested_class"": ""1A"", ""preferred_label_override"": ""T antigen"", ""notes"": ""Has exact synonym TF antigen.""}"
Fucα1-2Galβ1-3GalNAcα1-Ser/Thr	H antigen (type 3)	"{""keep"": true, ""suggested_class"": ""1A"", ""preferred_label_override"": ""H antigen type 3""}"
GalNAcα1-3(Fucα1-2)Galβ1-3GalNAcα1-Ser/Thr	A antigen (type 3)	"{""keep"": true, ""suggested_class"": ""1A"", ""preferred_label_override"": ""A antigen type 3""}"
NeuAcα2-6GalNAcα1-R	Sialyl Tn antigen	"{""keep"": true, ""suggested_class"": ""1A""}"
NeuAcα2-3Galβ1-3GalNAcα1-Ser/Thr	Sialyl T antigen	"{""keep"": true, ""suggested_class"": ""1A""}"
NeuAcα2-3Galβ1-3(NeuAcα2-6)GalNAcα1-Ser/Thr	Di-sialyl T antigen	"{""keep"": true, ""suggested_class"": ""1A""}"
Galα1-3Galβ1-R	α-Gal antigen	"{""keep"": true, ""suggested_class"": ""1A""}"
GalNAcβ1-4GlcNAc-R	LacdiNAc (LDN)	"{""keep"": true, ""suggested_class"": ""1B"", ""preferred_label_override"": ""LacdiNAc""}"
GalNAcβ1-4(Fucα1-3)GlcNAc-R	Fucosylated LDN (LDNF)	"{""keep"": true, ""suggested_class"": ""1B"", ""preferred_label_override"": ""Fucosylated LDN""}"
Galβ1-4(Fucα1-3)GlcNAc-R	Lewis x (Lex) (SSEA-1)	"{""keep"": true, ""suggested_class"": ""1A"", ""preferred_label_override"": ""Lewis x"", ""notes"": ""Has abbreviation Lex. Has related synonym SSEA-1""}"
Fucα1-2Galβ1-4(Fucα1-3)GlcNAc-R	Lewis y (Ley)	"{""keep"": true, ""suggested_class"": ""1A"", ""preferred_label_override"": ""Lewis y""}"
Galβ1-3(Fucα1-4)GlcNAc-R	Lewis a (Lea)	"{""keep"": true, ""suggested_class"": ""1A"", ""preferred_label_override"": ""Lewis a""}"
Fucα1-2Galβ1-3(Fucα1-4)GlcNAc-R	Lewis b (Leb)	"{""keep"": true, ""suggested_class"": ""1A"", ""preferred_label_override"": ""Lewis b""}"
NeuAcα2-3Galβ1-4(Fucα1-3)GlcNAcβ1-R	Sialyl Lewis x (SLex)	"{""keep"": true, ""suggested_class"": ""1A"", ""preferred_label_override"": ""Sialyl Lewis x""}"
CyclicNeuAcα2-3Galβ1-4(Fucα1-3)(Su-6)GlcNAcβ1-Rb	Cyclic sialyl 6-sulfo Lewis x	"{""keep"": true, ""suggested_class"": ""1A""}"
NeuAcα2-3Galβ1-3(Fucα1-4)GlcNAcβ1-R	Sialyl Lewis a (SLea) (CA19-9 antigen)	"{""keep"": true, ""suggested_class"": ""1A"", ""preferred_label_override"": ""Sialyl Lewis a"", ""notes"": ""Has abbreviation Lea. Has related synonym CA19-9 antigen.""}"
NeuAcα2-3(Su-6)Galβ1-4(Fucα1-3)GlcNAcβ1-R	6'-Sulfo-sialyl Lewis x (6'-sulfo SLex)	"{""keep"": true, ""suggested_class"": ""1A"", ""preferred_label_override"": ""6'-Sulfo-sialyl Lewis x""}"
NeuAcα2-6Galβ1-4(Su-6)GlcNAcβ1-R	2,6-sialyl-Sulfo-LN (6-sialyl-6-sulfo LN)	"{""keep"": true, ""suggested_class"": ""1B"", ""preferred_label_override"": ""2,6-sialyl-Sulfo-LN""}"
NeuAcα2-3Galβ1-4(Fucα1-3)(Su-6)GlcNAcβ1-R	6-Sulfo-sialyl Lewis x (6-sulfo SLex)	"{""keep"": true, ""suggested_class"": ""1A"", ""preferred_label_override"": ""6-Sulfo-sialyl Lewis x""}"
NeuAcα2-3(Su-6)Galβ1-4(Fucα1-3)(Su-6)GlcNAcβ1-R	6,6'-bisSulfo-Lewis x (6,6'-bissulfo Lex) )	"{""keep"": true, ""suggested_class"": ""1A"", ""preferred_label_override"": ""6,6'-bisSulfo-Lewis x""}"
Su-3Galβ1-4(Fucα1-3)GlcNAcβ1-R	3'-Sulfo-Lewis x (3'-sulfo Lex)	"{""keep"": true, ""suggested_class"": ""1A"", ""preferred_label_override"": ""3'-Sulfo-Lewis x""}"
Su-3Galβ1-3(Fucα1-4)GlcNAcβ1-R	3'-Sulfo-Lewis a (3'-Sulfo Lea)	"{""keep"": true, ""suggested_class"": ""1A"", ""preferred_label_override"": ""3'-Sulfo-Lewis a""}"
Galβ1-4(Fucα1-3)GlcNAcβ1-3Galβ1-4(Fucα1-3)GlcNAcβ1-R	Lex–Lex	"{""keep"": true, ""suggested_class"": ""1A""}"
NeuAcα2-3Galβ1-4(Fucα1-3)GlcNAcβ1-3Galβ1-4(Fucα1-3)GlcNAcβ1-R	SDLex	"{""keep"": true, ""suggested_class"": ""1A""}"
NeuAcα2-3Galβ1-4GlcNAcβ1-3Galβ1-4(Fucα1-3)GlcNAcβ1-R	VIM-2	"{""keep"": true, ""suggested_class"": ""1A""}"
NeuAcα2-3Galβ1-4GlcNAc-R	3-Sialyl-LN (type 2)	"{""keep"": true, ""suggested_class"": ""1B"", ""preferred_label_override"": ""3-Sialyl-LN type 2""}"
Fucα1-2Galβ1-4GlcNAcβ1-3Galβ1-R	Blood group H (type 2)	"{""keep"": true, ""suggested_class"": ""1A"", ""preferred_label_override"": ""Blood group H - type 2 chain""}"
Galα1-3(Fucα1-2)Galβ1-4GlcNAcβ1-3Galβ1-R	Blood group B (type 2)	"{""keep"": true, ""suggested_class"": ""1A"", ""preferred_label_override"": ""Blood group B - type 2 chain""}"
GalNAcα1-3(Fucα1-2)Galβ1-4GlcNAcβ1-R	Blood group A (type 2)	"{""keep"": true, ""suggested_class"": ""1A"", ""preferred_label_override"": ""Blood group A - type 2 chain""}"
GalNAcα1-3(Fucα1-2)Galβ1-4(Fucα1-3)GlcNAcβ1-R	Blood group A (type 2) (A-Ley)	"{""keep"": true, ""suggested_class"": ""1A"", ""preferred_label_override"": ""Blood group A - Lewis y associated type 2 chain""}"
GalNAcα1-3(Fucα1-2)Galβ1-3GalNAcα1-3(Fucα1-2)Galβ1-4GlcNAcβ1-R	Blood group A1 (type 3)	"{""keep"": true, ""suggested_class"": ""1A"", ""preferred_label_override"": ""Blood group A1 - type 3 chain""}"
Fucα1-2Galβ1-3GalNAcα1-3(Fucα1-2)Galβ1-4GlcNAcβ1-R	Blood group A2 (A-associated H type 3)	"{""keep"": true, ""suggested_class"": ""1A"", ""preferred_label_override"": ""Blood group A2 - A-associated H type 3 chain""}"
Fucα1-2Galβ1-3GlcNAcβ1-3Galβ1-R	Blood group H (type 1)	"{""keep"": true, ""suggested_class"": ""1A"", ""preferred_label_override"": ""Blood group H - type 1 chain""}"
Galα1-3(Fucα1-2)Galβ1-3GlcNAcβ1-R	Blood group B (type 1)	"{""keep"": true, ""suggested_class"": ""1A"", ""preferred_label_override"": ""Blood group B - type 1 chain""}"
GalNAcα1-3(Fucα1-2)Galβ1-3GlcNAcβ1-R	Blood group A (type 1)	"{""keep"": true, ""suggested_class"": ""1A"", ""preferred_label_override"": ""Blood group A - type 1 chain""}"
Fucα1-2Galβ1-4(Fucα1-3)GlcNAcβ1-R	Blood group H (type 2) (Ley)	"{""keep"": true, ""suggested_class"": ""1A"", ""preferred_label_override"": ""Blood group H - Lewis y-associated type 2 chain""}"
Galα1-3(Fucα1-2)Galβ1-3(Fucα1-4)GlcNAcβ1-R	Blood group B (type 1) (B-Ley)	"{""keep"": true, ""suggested_class"": ""1A"", ""preferred_label_override"": ""Blood group B - Lewis y-associated type 1 chain""}"
GalNAcα1-3(Fucα1-2)Galβ1-3(Fucα1-4)GlcNAcβ1-R	Blood group A (type 1) (A-Leb)	"{""keep"": true, ""suggested_class"": ""1A"", ""preferred_label_override"": ""Blood group A - Lewis b-associated type 1 chain""}"
Fucα1-2Galβ1-4(Fucα1-3)GlcNAcβ1-R	Lewis b (Leb)	"{""keep"": true, ""suggested_class"": ""1A"", ""preferred_label_override"": ""Lewis b""}"
Su-4GalNAcβ1-4GlcNAc-R	4'-sulfated LDN	"{""keep"": true, ""suggested_class"": ""1B"", ""notes"": ""Is abbreviation of 4'-sulfated LacdiNAc""}"
NeuAcα2-6GalNAcβ1-4GlcNAc-R	Sialylated LDN	"{""keep"": true, ""suggested_class"": ""1B"", ""notes"": ""Is abbreviation of sialylated LacdiNAc""}"
NeuAcα2-3(GalNAcβ1-4)Galβ1-4GlcNAcβ1-R	Sda/CT antigen	"{""keep"": true, ""suggested_class"": ""1A""}"
NeuAcα2-8(NeuAcα2-8)nNeuAcα2-3Galβ1-4GlcNAcβ1-R	Polysialic acid	"{""keep"": true, ""suggested_class"": ""1B""}"
(NeuAcα2-3Galβ1-4(Fucα1-3)GlcNAcβ1-6)(NeuAcα2-3Galβ1-3)GalNAcα1-Ser/Thr	SLex Core 2 O-glycan glycan	"{""keep"": true, ""suggested_class"": ""1A"", ""preferred_label_override"": ""SLex on Core 2 O-glycan""}"
P-6-Manα1-2Manα1-3(Manα1-3)(P-6-Manα1-6)Manα1-6Manβ1-4GlcNAcβ-R	Diphosphorylated Man6	"{""keep"": true, ""suggested_class"": ""2C""}"
NeuAcα2-3Galβ1-4GlcNAcβ1-2Manα1-Ser/Thr	O-Linked mannose	"{""keep"": true, ""suggested_class"": ""3A""}"
NeuAcα2-3Galβ1-4GlcNAcβ1-2(NeuAcα2-3Galβ1-4GlcNAcβ1-6)Manα1-Ser/Thr	2,6-Branched O-mannose	"{""keep"": true, ""suggested_class"": ""2C""}"
Galβ1-4(Fucα1-3)GlcNAcβ1-2Manα1-Ser/Thr	O-Mannose Lex	"{""keep"": true, ""suggested_class"": ""1A"", ""preferred_label_override"": ""Lex on O-Mannose""}"
Su-3GlcAβ1-3Galβ1-4GlcNAcβ1-R	HNK-1 antigen	"{""keep"": true, ""suggested_class"": ""1A""}"
Su-3GlcAβ1-3Galβ1-4GlcNAcβ1-2Manα1-Ser/Thr	HNK-1 on O-mannose	"{""keep"": true, ""suggested_class"": ""1A""}"
Glcβ1-Cer	Glucosylceramide	"{""keep"": true, ""suggested_class"": ""1A""}"
Galβ1-Cer	Galactosylceramide	"{""keep"": true, ""suggested_class"": ""1A""}"
Su-3Galβ1-alkyl-2-acyl-s-glycerol	Seminolipid	"{""keep"": true}"
Su-3Galβ1-Cer	Sulfatide	"{""keep"": true, ""suggested_class"": ""1A""}"
Galβ1-4Glcβ1-Cer	Lactosylceramide	"{""keep"": true, ""suggested_class"": ""1A""}"
Su-3Galβ1-4Galβ1-Cer	Ceramide dihexosyl sulfate	"{""keep"": true, ""suggested_class"": ""1B""}"
Su-3Galβ1-3GalNAcβ1-4Galβ1-4Glcβ1-Cer	Monosulfated gangliotetraosylceramide	"{""keep"": true, ""suggested_class"": ""1A""}"
GlcNAcβ1-3Galβ1-4Glcβ1-Cer	Lactotriaosylceramide (Lc3)	"{""keep"": true, ""suggested_class"": ""1A"", ""preferred_label_override"": ""Lactotriaosylceramide""}"
Galα1-4Galβ1-4Glcβ1-Cer	Pk antigen (Gb3, globotriaosylceramide)	"{""keep"": true, ""suggested_class"": ""1A"", ""preferred_label_override"": ""Pk antigen"", ""notes"": ""Has related synonym globotriaosylceramide.""}"
Galα1-4Galβ1-4GlcNAcβ1-3Galβ1-4Glcβ1-Cer	P1 antigen	"{""keep"": true, ""suggested_class"": ""1A""}"
GalNAcβ1-3Galα1-4Galβ1-4Glcβ1-Cer	Globoside (P antigen) (Gb4) 	"{""keep"": true, ""suggested_class"": ""1A"", ""preferred_label_override"": ""Globoside"", ""notes"": ""Has related synonym P antigen. Has related synonym Gb4.""}"
GalNAcβ1-3Galα1-3Galβ1-4Glcβ-Cer	Isoglobotetraosylceramide	"{""keep"": true, ""suggested_class"": ""1A""}"
Su-GalNAcβ1-3Galα1-3Galβ1-4Glcβ1-Cer	Mono-sulfated globopentaosylceramide	"{""keep"": true, ""suggested_class"": ""1A""}"
Su-3GalNAcβ1-3Galα1-4Galβ1-4Glcβ-Cer	Mono-sulfated globotetraosylceramide	"{""keep"": true, ""suggested_class"": ""1A""}"
Su-3GalNAcβ1-3Galα1-3Galβ1-4Glcβ-Cer	Sulfo-isogloboside	"{""keep"": true, ""suggested_class"": ""1A""}"
GalNAcβ1-4(GlcNAcβ1-3)Galβ1-4Glcβ1-Cer	LcGg4	"{""keep"": true, ""suggested_class"": ""1A""}"
Galβ1-3GalNAcβ1-3Galα1-4Galβ1-4Glcβ1-Cer	Gb5	"{""keep"": true, ""suggested_class"": ""1A""}"
Galβ1-4GlcNAcβ1-3Galβ1-4Glcβ1-Cer	Paragloboside	"{""keep"": true, ""suggested_class"": ""1A""}"
Fucα1-2Galβ1-3GalNAcβ1-3Galα1-4Galβ1-4Glcβ1-Cer	GL-6 fucosylated (globoH)	"{""keep"": true, ""suggested_class"": ""1A"", ""preferred_label_override"": ""fucosylated GL-6"", ""notes"": ""Has related synonym globo H.""}"
Galβ1-3GalNAcβ1-3Galα1-4Galβ1-4Glcβ1-Cer	SSEA-3	"{""keep"": true, ""suggested_class"": ""1A""}"
NeuAcα2-3Galβ1-3GalNAcβ1-3Galα1-4Galβ1-4Glcβ1-Cer	GL-7 globoseries ganglioside (SSEA-4)	"{""keep"": true, ""suggested_class"": ""1A"", ""preferred_label_override"": ""GL-7"", ""notes"": ""Has related synonym SSEA-4""}"
NeuAcα2-3GalNAcβ1-3Galβ1-4GlcNAcβ1-3Galβ1-4Glcβ1-Cer	Sialosyl paragloboside	"{""keep"": true, ""suggested_class"": ""1A""}"
NeuAcα2-3Galβ1-3(NeuAcα2-6)GalNAcβ1-3Galα1-4Galβ1-4Glcβ1-Cer	Disialosyl globopentaosylceramide	"{""keep"": true, ""suggested_class"": ""1A""}"
GalNAcβ1-3Galα1-3Galβ1-4Glcβ1-Cer	Cytolipin R	"{""keep"": true, ""suggested_class"": ""1A""}"
GalNAcα1-3GalNAcβ1-3Galα1-4Galβ1-4Glcβ1-Cer	Forssman glycolipid	"{""keep"": true, ""suggested_class"": ""1A""}"
GalNAcβ1-3GalNAcβ1-3Galα1-4Galβ1-4Glcβ1-Cer	para-Forssman glycolipid	"{""keep"": true, ""suggested_class"": ""1A""}"
Fucα1-2Galβ1-3GalNAcβ1-3Galα1-4Galβ1-4Glcβ1-Cer	Blood group H (type 4)	"{""keep"": true, ""suggested_class"": ""1A"", ""preferred_label_override"": ""Blood group H - type 4 chain""}"
Galα1-3(Fucα1-2)Galβ1-3GalNAcβ1-3Galα1-4Galβ1-4Glcβ1-Cer	Blood group B (type 4)	"{""keep"": true, ""suggested_class"": ""1A"", ""preferred_label_override"": ""Blood group B - type 4 chain""}"
GalNAcα1-3(Fucα1-2)Galβ1-3GalNAcβ1-3Galα1-4Galβ1-4Glcβ1-Cer	Blood group A (type 4)	"{""keep"": true, ""suggested_class"": ""1A"", ""preferred_label_override"": ""Blood group A - type 4 chain""}"
NeuAcα2-3Galβ1-Cer	GM4	"{""keep"": true, ""suggested_class"": ""1A""}"
NeuAcα2-3Galβ1-4Glcβ1-Cer	GM3	"{""keep"": true, ""suggested_class"": ""1A""}"
NeuAcα2-8NeuAcα2-3Galβ1-4Glcβ1-Cer	GD3	"{""keep"": true, ""suggested_class"": ""1A""}"
NeuAcα2-8NeuAcα2-8NeuAcα2-3Galβ1-4Glcβ1-Cer	GT3	"{""keep"": true, ""suggested_class"": ""1A""}"
9-O-NeuAcα2-8NeuAcα2-3Galβ1-4Glcβ1-Cer	9-O-Acetyl GD3	"{""keep"": true, ""suggested_class"": ""1A""}"
GalNAcβ1-4(NeuAcα2-8NeuAcα2-3)Galβ1-4Glcβ1-Cer	GD2	"{""keep"": true, ""suggested_class"": ""1A""}"
GalNAcβ1-4(NeuAcα2-3)Galβ1-4Glcβ1-Cer	GM2	"{""keep"": true, ""suggested_class"": ""1A""}"
GalNAcβ1-4(NeuGcα2-3)Galβ1-4Glcβ1-Cer	N-Glycolyl-GM2	"{""keep"": true, ""suggested_class"": ""1A""}"
GalNAcβ1-4(NeuAcα2-3)Galβ1-4GlcNAcβ1-3Galβ1-4Glcβ1-Cer	Sialopentaosylceramide	"{""keep"": true, ""suggested_class"": ""1B""}"
Galβ1-3GalNAcβ1-4(NeuAcα2-3)Galβ1-4Glcβ1-Cer	GM1	"{""keep"": true, ""suggested_class"": ""1A""}"
Galβ1-3GalNAcβ1-4Galβ1-4Glcβ1-Cer	Asialo-GM1	"{""keep"": true, ""suggested_class"": ""1A""}"
NeuAcα2-3Galβ1-3GalNAcβ1-4Galβ1-4Glcβ1-Cer	cisGM1 (GM1b)	"{""keep"": true, ""suggested_class"": ""1A"", ""preferred_label_override"": ""cisGM1""}"
Fucα1-2Galβ1-3GalNAcβ1-4(NeuAcα2-3)Galβ1-4Glcβ1-Cer	2-Fucosyl-GM1	"{""keep"": true, ""suggested_class"": ""1A""}"
Galα1-3(Fucα1-2)Galβ1-3GalNAcβ1-4(NeuAcα2-3)Galβ1-4Glcβ1-Cer	B-GM1	"{""keep"": true, ""suggested_class"": ""1A""}"
Fucα1-2Galβ1-3GalNAcβ1-4(NeuAcα2-8NeuAcα2-3)Galβ1-4Glcβ1-Cer	2-Fucosyl-GD1b	"{""keep"": true, ""suggested_class"": ""1A""}"
Galα1-3(Fucα1-2)Galβ1-3GalNAcβ1-4(NeuAcα2-8NeuAcα2-3)Galβ1-4Glcβ1-Cer	B-GD1b	"{""keep"": true, ""suggested_class"": ""1A"", ""notes"": ""Description: Blood group B on ganglioside GD1b""}"
NeuAcα2-8NeuAcα2-3Galβ1-3GalNAcβ1-4Galβ1-4Glcβ1-Cer	GD1 (GD1c)	"{""keep"": true, ""suggested_class"": ""1A"", ""preferred_label_override"": ""GD1""}"
NeuAcα2-3Galβ1-3(NeuAcα2-6)GalNAcβ1-4Galβ1-4Glcβ1-Cer	GD1α	"{""keep"": true, ""suggested_class"": ""1A"", ""preferred_label_override"": ""GD1alpha""}"
NeuAcα2-3Galβ1-3GalNAcβ1-4(NeuAcα2-3)Galβ1-4Glcβ1-Cer	GD1a	"{""keep"": true, ""suggested_class"": ""1A""}"
Galβ1-3GalNAcβ1-4(NeuAcα2-8NeuAcα2-3)Galβ1-4Glcβ1-Cer	GD1b	"{""keep"": true, ""suggested_class"": ""1A""}"
GalNAcβ1-4(NeuAcα2-8NeuAcα2-8NeuAcα2-3)Galβ1-4Glcβ1-Cer	GT2	"{""keep"": true, ""suggested_class"": ""1A""}"
NeuAcα2-8NeuAcα2-3Galβ1-3GalNAcβ1-4(NeuAcα2-3)Galβ1-4Glcβ1-Cer	GT1a	"{""keep"": true, ""suggested_class"": ""1A""}"
NeuAcα2-3Galβ1-3(NeuAcα2-6)GalNAcβ1-4(NeuAcα2-3)Galβ1-4Glcβ1-Cer	GT1aα	"{""keep"": true, ""suggested_class"": ""1A""}"
NeuAcα2-3Galβ1-3GalNAcβ1-4(NeuAcα2-8NeuAcα2-3)Galβ1-4Glcβ1-Cer	GT1b	"{""keep"": true, ""suggested_class"": ""1A""}"
Galβ1-3GalNAcβ1-4(NeuAcα2-8NeuAcα2-8NeuAcα2-3)Galβ1-4Glcβ1-Cer	GT1c	"{""keep"": true, ""suggested_class"": ""1A""}"
NeuAcα2-8NeuAcα2-3Galβ1-3(NeuAcα2-6)GalNAcβ1-4(NeuAcα2-3)Galβ1-4Glcβ1-Cer	GQ1aα	"{""keep"": true, ""suggested_class"": ""1A""}"
NeuAcα2-8NeuAcα2-3Galβ1-3GalNAcβ1-4(NeuAcα2-8NeuAcα2-3)Galβ1-4Glcβ1-Cer	GQ1b	"{""keep"": true, ""suggested_class"": ""1A""}"
NeuAcα2-3Galβ1-3(NeuAcα2-6)GalNAcβ1-4(NeuAcα2-8NeuAcα2-3)Galβ1-4Glcβ1-Cer	GQ1bα	"{""keep"": true, ""suggested_class"": ""1A""}"
NeuAcα2-3Galβ1-3GalNAcβ1-4(NeuAcα2-8NeuAcα2-8NeuAcα2-3)Galβ1-4Glcβ1-Cer	GQ1c	"{""keep"": true, ""suggested_class"": ""1A""}"
NeuAcα2-8NeuAcα2-3Galβ1-3GalNAcβ1-4(NeuAcα2-8NeuAcα2-8NeuAcα2-3)Galβ1-4Glcβ1-Cer	GP1c	"{""keep"": true, ""suggested_class"": ""1A""}"
NeuAcα2-3Galβ1-3(NeuAcα2-6)GalNAcβ1-4(NeuAcα2-8NeuAcα2-8NeuAcα2-3)Galβ1-4Glcβ1-Cer	GP1cα	"{""keep"": true, ""suggested_class"": ""1A""}"
NeuAcα2-8NeuAcα2-3Galβ1-3(NeuAcα2-6)GalNAcβ1-4(NeuAcα2-8NeuAcα2-8NeuAcα2-3)Galβ1-4Glcβ1-Cer	GH1cα	"{""keep"": true, ""suggested_class"": ""1A""}"
Galβ1-4GlcNAcβ1-3Galβ1-4(Fucα1-3)GlcNAcβ1-3Galβ1-4GlcNAcβ1-3Galβ1-4GlcNAcβ1-3Galβ1-4Glcβ1-Cer	Mono-fucosyl LN5	"{""keep"": true, ""suggested_class"": ""1B""}"
Galβ1-4GlcNAcβ1-3Galβ1-4(Fucα1-3)GlcNAcβ1-3Galβ1-4Glcβ1-Cer	Mono-fucosyl LN3	"{""keep"": true, ""suggested_class"": ""1B""}"
(NeuAcα2-3Galβ1-4GlcNAcβ1-6)(NeuAcα2-3Galβ1-4GlcNAcβ1-3)Galβ1-4GlcNAcβ1-R	Disialyl-branched Type 2	"{""keep"": true, ""suggested_class"": ""1B""}"
Fucα1-2Galβ1-3(Fucα1-4)GlcNAcβ1-3(Fucα1-2)Galβ1-3(Fucα1-4)GlcNAcβ1-3Galβ1-4Glcβ1-Cer	Extended tetrafucosyl-Leb	"{""keep"": true, ""suggested_class"": ""1A""}"
Fucα1-2Galβ1-3(Fucα1-4)GlcNAcβ1-3Galβ1-4(Fucα1-4)GlcNAcβ1-3Galβ1-4Glcβ1-Cer	Extended trifucosyl-Leb	"{""keep"": true, ""suggested_class"": ""1A""}"
Galβ1-3(Fucα1-4)GlcNAcβ1-3Galβ1-3(Fucα1-4)GlcNAcβ1-3Galβ1-4Glcβ1-Cer	Dimeric Lea	"{""keep"": true, ""suggested_class"": ""1A""}"
NeuAcα2-3Galβ1-3(Fucα1-4)GlcNAcβ1-3Galβ1-4Glcβ1-Cer	Sialyl Leaglycolipid	"{""keep"": true, ""suggested_class"": ""1A""}"
NeuAcα2-6Galβ1-4GlcNAcβ1-3Galβ1-4Glcβ1-Cer	Monosialylganglioside LSTb	"{""keep"": true, ""suggested_class"": ""1B""}"
Su-3GlcAβ1-3Galβ1-4GlcNAcβ1-3Galβ1-4GlcNAcβ1-3Galβ1-4Glcβ1-Cer	HNK-expressing SGLPG	"{""keep"": true, ""suggested_class"": ""1A"", ""notes"": ""Is abbreviation of NHK-expressing sulfoglucuronyl lactosaminyl paragloboside.""}"
