Epitope ID	Epitope Name	Epitope Sequence	bgsl_curator_meta
EP0001	HNK-1	HSO3(-3)GlcA(b1-3)Gal(b1-4)GlcNAc-R	"{""keep"": true, ""suggested_class"": ""1A""}"
EP0002	O-Mannosyl Glycan / Mammalian	Neu5Ac(a2-3)Gal(b1-4)GlcNAc(b1-2)Man(a1-)Ser/Thr	"{""keep"": true, ""suggested_class"": ""3C""}"
EP0003	O-Mannosyl Glycan / Yeast	Man(a1-2)Man(a1-2)Man(a1-)Ser/Thr	"{""keep"": true, ""suggested_class"": ""3C""}"
EP0004	O-GlcNAc	GlcNAc(b1-)Ser/Thr	"{""keep"": true, ""suggested_class"": ""2B""}"
EP0005	O-Fucose Glycan /EGF Repeat	Neu5Ac(a2-3/6)Gal(b1-4)GlcNAc(b1-3)Fuc(a1-)Ser/Thr	"{""keep"": true, ""suggested_class"": ""3C""}"
EP0006	O-Fucose Glycan /Thrombospondin Type 1 Repeat	Glc(b1-3)Fuc(a1-)Ser/Thr	"{""keep"": true, ""suggested_class"": ""3C""}"
EP0007	Lewis a	Gal(b1-3)[Fuc(a1-4)]GlcNAc(b1-)-R	"{""keep"": true, ""suggested_class"": ""1A""}"
EP0008	Sialyl Lewis a	Neu5Ac(a2-3)Gal(b1-3)[Fuc(a1-4)]GlcNAc(b1-)-R	"{""keep"": true, ""suggested_class"": ""1A""}"
EP0009	3'-Sulfo Lewis a	HSO3(-3)Gal(b1-3)[Fuc(a1-4)]GlcNAc(b1-)-R	"{""keep"": true, ""suggested_class"": ""1A""}"
EP0010	Lewis b	Fuc(a1-2)Gal(b1-3)[Fuc(a1-4)]GlcNAc(b1-)-R	"{""keep"": true, ""suggested_class"": ""1A""}"
EP0011	Lewis x	Gal(b1-4)[Fuc(a1-3)]GlcNAc(b1-)-R	"{""keep"": true, ""suggested_class"": ""1A""}"
EP0012	Sialyl Lewis x	Neu5Ac(a2-3)Gal(b1-4)[Fuc(a1-3)]GlcNAc(b1-)-R	"{""keep"": true, ""suggested_class"": ""1A""}"
EP0013	3'-Sulfo Lewis x	HSO3(-3)Gal(b1-4)[Fuc(a1-3)]GlcNAc(b1-)-R	"{""keep"": true, ""suggested_class"": ""1A""}"
EP0014	6'-Sulfo Sialyl Lewis x	Neu5Ac(a2-3)[HSO3(-6)]Gal(b1-4)[Fuc(a1-3)]GlcNAc(b1-)-R	"{""keep"": true, ""suggested_class"": ""1A""}"
EP0015	Sialyl 6-Sulfo Lewis x	Neu5Ac(a2-3)Gal(b1-4)[Fuc(a1-3)][HSO3(-6)]GlcNAc(b1-)-R	"{""keep"": true, ""suggested_class"": ""1A"", ""notes"": ""Not to be confused with Sialyl 6-Sulfo Lewis x.""}"
EP0016	6,6'- Disulfo Sialyl Lewis x	Neu5Ac(a2-3)[HSO3(-6)]Gal(b1-4)[Fuc(a1-3)][HSO3(-6)]GlcNAc(b1-)-R	"{""keep"": true, ""suggested_class"": ""1A"", ""notes"": ""Not to be confused with Sialyl 6-Sulfo Lewis x.""}"
EP0017	Cyclic Sialyl 6-Sulfo Lewis x	cyclicNeu5Ac(a2-3)Gal(b1-4)[Fuc(a1-3)][HSO3(-6)]GlcNAc-R	"{""keep"": true, ""suggested_class"": ""1A""}"
EP0018	Lewis y	Fuc(a1-2)Gal(b1-4)[Fuc(a1-3)]GlcNAc(b1-)-R	"{""keep"": true, ""suggested_class"": ""1A""}"
EP0019	VIM-2	Neu5Ac(a2-3)Gal(b1-4)GlcNAc(b1-3)Gal(b1-4)[Fuc(a1-3)]GlcNAc(b1-)-R	"{""keep"": true, ""suggested_class"": ""1A""}"
EP0020	T Antigen	Gal(b1-3)GalNAc(a1-)Ser/Thr	"{""keep"": true, ""suggested_class"": ""1A""}"
EP0021	Tn Antigen	GalNAc(a1-)Ser/Thr	"{""keep"": true, ""suggested_class"": ""1A""}"
EP0022	Sialyl Tn Antigen	Neu5Ac(a2-6)GalNAc(a1-)Ser/Thr	"{""keep"": true, ""suggested_class"": ""1A""}"
EP0023	Disialyl T Antigen	Neu5Ac(a2-3)Gal(b1-3)[Neu5Ac(a2-6)]GalNAc(a1-)Ser/Thr	"{""keep"": true, ""suggested_class"": ""1A""}"
EP0024	F1 Alpha	Gal(b1-4)GlcNAc(b1-6)GalNAc(a1-)Ser/Thr	"{""keep"": true, ""suggested_class"": ""1A""}"
EP0032	C-Series Gangliosides  Oligosaccharide / Hemato- or Ganglio-Type	Neu5Ac(a2-8)Neu5Ac(a2-8)Neu5Ac(a2-3)Gal-R	"{""keep"": true, ""suggested_class"": ""1B"", ""notes"": ""Description: C-series ganglioside trisialyl-Gal epitope.""}"
EP0033	C-Series Gangliosides Oligosaccharide / Gangliotetraosyl Core Structure	R-Gal(b1-3)GalNAc(b1-4)[Neu5Ac(a2-8)Neu5Ac(a2-8)Neu5Ac(a2-3)]Gal(b1-4)Glc(b1-1)Cer	"{""keep"": true, ""suggested_class"": ""1B""}"
EP0035	Lactogangliotetraosylceramide	GalNAc(b1-4)[GlcNAc(b1-3)]Gal(b1-4)Glc(b1-1)Cer	"{""keep"": true, ""suggested_class"": ""1A""}"
EP0036	Galactosylgloboside	Gal(b1-3)GalNAc(b1-3)Gal(a1-4)Gal(b1-4)Glc(b1-1)Cer	"{""keep"": true, ""suggested_class"": ""1A""}"
EP0037	Forssman Antigen	GalNAc(a1-3)GalNAc(b1-3)Gal(a1-4)Gal(b1-4)Glc(b1-1)Cer	"{""keep"": true, ""suggested_class"": ""1A""}"
EP0038	M3FX	Man(a1-6)[Man(a1-3)][Xyl(b1-2)]Man(b1-4)GlcNAc(b1-4)[Fuc(a1-3)]GlcNAc-R	"{""keep"": true, ""suggested_class"": ""2D""}"
EP0039	SSEA-3	Gal(b1-3)GalNAc(b1-3)Gal(a1-)-R	"{""keep"": true, ""suggested_class"": ""1A""}"
EP0040	Disialyl Lewis a	Neu5Ac(a2-3)Gal(b1-3)[Neu5Ac(a2-6)][Fuc(a1-4)]GlcNAc(b1-)-R	"{""keep"": true, ""suggested_class"": ""1A""}"
EP0041	Sialyl Lewis c	Neu5Ac(a2-3)Gal(b1-3)GlcNAc(b1-)-R	"{""keep"": true, ""suggested_class"": ""1A""}"
EP0042	SSEA-1	Gal(b1-4)[Fuc(a1-3)]GlcNAc(b1-3)Gal(b1-4)GlcNAc(b1-3)Gal(b1-)-R	"{""keep"": true, ""suggested_class"": ""1A""}"
EP0043	Sialyl Lewis x-i	Neu5Ac(a2-3)Gal(b1-4)[Fuc(a1-3)]GlcNAc(b1-3)Gal(b1-4)GlcNAc(b1-3)Gal(b1-)-R	"{""keep"": true, ""suggested_class"": ""1A""}"
EP0044	SSEA-4	Neu5Ac(a2-3)Gal(b1-3)GalNAc(b1-3)Gal(a1-)-R	"{""keep"": true, ""suggested_class"": ""1A""}"
EP0045	Pk Antigen	Gal(a1-4)Gal(b1-4)Glc-R	"{""keep"": true, ""suggested_class"": ""1A""}"
EP0046	P1 Antigen	Gal(a1-4)Gal(b1-4)GlcNAc-R	"{""keep"": true, ""suggested_class"": ""1A""}"
EP0047	Asialo GM1	Gal(b1-3)GalNAc(b1-4)Gal(b1-4)Glc(b1-1)Cer	"{""keep"": true, ""suggested_class"": ""1A""}"
EP0048	GM1b	Neu5Ac(a2-3)Gal(b1-3)GalNAc(b1-4)Gal(b1-4)Glc(b1-1)Cer	"{""keep"": true, ""suggested_class"": ""1A""}"
EP0049	Fucosyl GM1	Fuc(a1-2)Gal(b1-3)GalNAc(b1-4)[Neu5Ac(a2-3)]Gal(b1-4)Glc(b1-1)Cer	"{""keep"": true, ""suggested_class"": ""1A""}"
EP0050	GM1	Gal(b1-3)GalNAc(b1-4)[Neu5Ac(a2-3)]Gal(b1-4)Glc(b1-1)Cer	"{""keep"": true, ""suggested_class"": ""1A""}"
EP0051	N-Acetyl GM2	GalNAc(b1-4)[Neu5Ac(a2-3)]Gal(b1-4)Glc(b1-1)Cer	"{""keep"": true, ""suggested_class"": ""1A""}"
EP0052	N-Glycolyl GM2	GalNAc(b1-4)[Neu5Gc(a2-3)]Gal(b1-4)Glc(b1-1)Cer	"{""keep"": true, ""suggested_class"": ""1A""}"
EP0053	N-Acetyl GM3	Neu5Ac(a2-3)Gal(b1-4)Glc(b1-1)Cer	"{""keep"": true, ""suggested_class"": ""1A""}"
EP0054	N-Glycolyl GM3	Neu5Gc(a2-3)Gal(b1-4)Glc(b1-1)Cer	"{""keep"": true, ""suggested_class"": ""1A""}"
EP0055	GM4	Neu5Ac(a2-3)Gal(b1-1)Cer	"{""keep"": true, ""suggested_class"": ""1A""}"
EP0056	GD1a	Neu5Ac(a2-3)Gal(b1-3)GalNAc(b1-4)[Neu5Ac(a2-3)]Gal(b1-4)Glc(b1-1)Cer	"{""keep"": true, ""suggested_class"": ""1A""}"
EP0057	Fucosyl Asialo-GM1	Fuc(a1-2)Gal(b1-3)GalNAc(b1-4)Gal(b1-4)Glc(b1-1)Cer	"{""keep"": true, ""suggested_class"": ""1A""}"
EP0058	GalNAc-GD1a	GalNAc(b1-4)[Neu5Ac(a2-3)]Gal(b1-3)GalNAc(b1-4)[Neu5Ac(a2-3)]Gal(b1-4)Glc(b1-1)Cer	"{""keep"": true, ""suggested_class"": ""1A""}"
EP0059	GD1b	Gal(b1-3)GalNAc(b1-4)[Neu5Ac(a2-8)Neu5Ac(a2-3)]Gal(b1-4)Glc(b1-1)Cer	"{""keep"": true, ""suggested_class"": ""1A""}"
EP0061	GD2	GalNAc(b1-4)[Neu5Ac(a2-8)Neu5Ac(a2-3)]Gal(b1-4)Glc(b1-1)Cer	"{""keep"": true, ""suggested_class"": ""1A""}"
EP0062	N-Acetyl GD3	Neu5Ac(a2-8)Neu5Ac(a2-3)Gal(b1-4)Glc(b1-1)Cer	"{""keep"": true, ""suggested_class"": ""1A""}"
EP0063	N-Glycolyl GD3	Neu5Gc(a2-8)Neu5Gc(a2-3)Gal(b1-4)Glc(b1-1)Cer	"{""keep"": true, ""suggested_class"": ""1A""}"
EP0064	9-O-Acetyl GD3	Neu5Ac9Ac(a2-8)Neu5Ac(a2-3)Gal(b1-4)Glc(b1-1)Cer	"{""keep"": true, ""suggested_class"": ""1A""}"
EP0065	9-O-Acetyl Sialic Acid	Neu5Ac9Ac(a2-)-R	"{""keep"": true, ""suggested_class"": ""3B""}"
EP0066	GT1a	Neu5Ac(a2-8)Neu5Ac(a2-3)Gal(b1-3)GalNAc(b1-4)[Neu5Ac(a2-3)]Gal(b1-4)Glc(b1-1)Cer	"{""keep"": true, ""suggested_class"": ""1A""}"
EP0067	GT1b	Neu5Ac(a2-3)Gal(b1-3)GalNAc(b1-4)[Neu5Ac(a2-8)Neu5Ac(a2-3)]Gal(b1-4)Glc(b1-1)Cer	"{""keep"": true, ""suggested_class"": ""1A""}"
EP0068	Bata Galactose	Gal(b1-)-R-Cer	"{""keep"": true, ""suggested_class"": ""2A"", ""preferred_label_override"": ""Beta Galactose"", ""notes"": ""Bata galactose is a typo.""}"
EP0069	GQ1b	Neu5Ac(a2-8)Neu5Ac(a2-3)Gal(b1-3)GalNAc(b1-4)[Neu5Ac(a2-8)Neu5Ac(a2-3)]Gal(b1-4)Glc(b1-1)Cer	"{""keep"": true, ""suggested_class"": ""1A""}"
EP0070	GT3	Neu5Ac(a2-8)Neu5Ac(a2-8)Neu5Ac(a2-3)Gal(b1-4)Glc(b1-1)Cer	"{""keep"": true, ""suggested_class"": ""1A""}"
EP0071	Gb3	Gal(a1-4)Gal(b1-4)Glc(b1-1)Cer	"{""keep"": true, ""suggested_class"": ""1A""}"
EP0072	Gal-CTH	Gal(a1-3)Gal(a1-4)Gal(b1-4)Glc(b1-1)Cer	"{""keep"": true, ""suggested_class"": ""1B""}"
EP0073	Globoside	GalNAc(b1-3)Gal(a1-4)Gal(b1-4)Glc(b1-1)Cer	"{""keep"": true, ""suggested_class"": ""1A""}"
EP0074	Galactosylceramide	Gal(b1-1)Cer	"{""keep"": true, ""suggested_class"": ""1A""}"
EP0075	Paragloboside	Gal(b1-4)GlcNAc(b1-3)Gal(b1-4)Glc(b1-1)Cer	"{""keep"": true, ""suggested_class"": ""1A""}"
EP0076	2-3 Sialylparagloboside	Neu5Ac(a2-3)Gal(b1-4)GlcNAc(b1-3)Gal(b1-4)Glc(b1-1)Cer	"{""keep"": true, ""suggested_class"": ""2A""}"
EP0077	2-6 Sialylparagloboside	Neu5Ac(a2-6)Gal(b1-4)GlcNAc(b1-3)Gal(b1-4)Glc(b1-1)Cer	"{""keep"": true, ""suggested_class"": ""2A""}"
EP0078	Lactosylceramide	Gal(b1-4)Glc(b1-1)Cer	"{""keep"": true, ""suggested_class"": ""1A""}"
EP0079	SM3	HSO3(-3)Gal(b1-4)Glc(b1-1)Cer	"{""keep"": true, ""suggested_class"": ""1A""}"
EP0080	SD1a	HSO3(-3)Gal(b1-3)GalNAc(b1-4)[HSO3(-3)]Gal(b1-4)Glc(b1-1)Cer	"{""keep"": true, ""suggested_class"": ""1A""}"
EP0081	Chondroitin	-[GlcA(b1-3)GalNAc(b1-4)]n-	"{""keep"": true, ""suggested_class"": ""1A""}"
EP0082	Chondroitin-4-Sulfate	-{GlcA(b1-3)[HSO3(-4)]GalNAc(b1-4)}n-	"{""keep"": true, ""suggested_class"": ""1A""}"
EP0083	Chondroitin-6-Sulfate	-{GlcA(b1-3)[HSO3(-6)]GalNAc(b1-4)}n-	"{""keep"": true, ""suggested_class"": ""1A""}"
EP0084	Chindroitin Sulfate D Unit	-{[HSO3(-2)]GlcA(b1-3)[HSO3(-6)]GalNAc(b1-4)}n-	"{""keep"": true, ""suggested_class"": ""1A""}"
EP0085	Keratan Sulfate	-{HSO3(-6)GlcNAc(b1-3)&plusmn;[HSO3(-6)]Gal(b1-4)}n-	"{""keep"": true, ""suggested_class"": ""1A""}"
EP0086	Heparan Sulfate	-[{[&plusmn;(HSO3(-2))GlcA(b1-4)]or[&plusmn;(HSO3(-2))IdoA(a1-4)]}(&plusmn;(HSO3(-3))&plusmn;[(HSO3 or CH3CO)(-2)]&plusmn;(HSO3(-6))GlcN]n-	"{""keep"": true, ""suggested_class"": ""1A""}"
EP0087	Delta-Heparan Sulfate	unsaturated uronic acid	"{""keep"": true, ""suggested_class"": ""1A""}"
EP0088	Acharan Sulfate	-{[HSO3(-2)]IdoA(a1-4)GlcNAc(a1-4)}n-	"{""keep"": true, ""suggested_class"": ""1A""}"
EP0090	Dimeric Lewis a	Gal(b1-3)[Fuc(a1-4)]GlcNAc(b1-3)Gal(b1-3)[Fuc(a1-4)]GlcNAc(b1-)-R	"{""keep"": true, ""suggested_class"": ""1A""}"
EP0091	Lewis a- Lewis x Hybrid Antigen	Gal(b1-3)[Fuc(a1-4)]GlcNAc(b1-3)Gal(b1-4)[Fuc(a1-3)]GlcNAc(b1-)-R	"{""keep"": true, ""suggested_class"": ""1A""}"
EP0092	Trifucosyl-Lewis b Antigen	Fuc(a1-2)Gal(b1-3)[Fuc(a1-4)]GlcNAc(b1-3)Gal(b1-3)[Fuc(a1-4)]GlcNAc(b1-)-R	"{""keep"": true, ""suggested_class"": ""1A""}"
EP0093	Dimeric Lewis x	Gal(b1-4)[Fuc(a1-3)]GlcNAc(b1-3)Gal(b1-4)[Fuc(a1-3)]GlcNAc(b1-)-R	"{""keep"": true, ""suggested_class"": ""1A""}"
EP0094	Trifucosyl-Lewis y Antigen	Fuc(a1-2)Gal(b1-4)[Fuc(a1-3)]GlcNAc(b1-3)Gal(b1-4)[Fuc(a1-3)]GlcNAc(b1-)-R	"{""keep"": true, ""suggested_class"": ""1A""}"
EP0095	Disialyl I	Neu5Ac(a2-3)Gal(b1-4)GlcNAc(b1-6)[Neu5Ac(a2-3)Gal(b1-4)GlcNAc(b1-3)]Gal(b1-4)GlcNAc(b1-)-R	"{""keep"": true, ""suggested_class"": ""1A""}"
EP0096	Disialyl Lewis c	Neu5Ac(a2-3)Gal(b1-3)[Neu5Ac(a2-6)]GlcNAc(b1-)-R	"{""keep"": true, ""suggested_class"": ""1A""}"
EP0097	GalNAc Disialyl Lc4 (Hexasaccharide)	GalNAc(b1-4)[NeuAc(a2-3)]Gal(b1-3)[NeuAc(a2-6)]GlcNAc(b1-3)Gal-R	"{""keep"": true, ""suggested_class"": ""1A""}"
EP0098	Disialyl Gb5	Neu5Ac(a2-3)Gal(b1-3)[Neu5Ac(a2-6)]GalNAc(b1-3)Gal(a1-4)Gal(b1-4)Glc(b1-1)Cer	"{""keep"": true, ""suggested_class"": ""1A""}"
EP0099	Monosialyl Gb5	Neu5Ac(a2-3)Gal(b1-3)GalNAc(b1-3)Gal(a1-4)Gal(b1-4)Glc(b1-1)Cer	"{""keep"": true, ""suggested_class"": ""1A""}"
EP0101	Poly-N-Acetylneuraminic Acid	(Neu5Ac) n	"{""keep"": true, ""suggested_class"": ""1B""}"
EP0102	Poly-N-Glycolylneuraminic Acid	(Neu5Gc)n	"{""keep"": true, ""suggested_class"": ""1B""}"
EP0103	Poly-KDN	(KDN)n	"{""keep"": true, ""suggested_class"": ""1B""}"
EP0104	KDN-Gal	KDN(a2-3)Gal(b1-)-R	"{""keep"": true, ""suggested_class"": ""2A""}"
EP0110	GD1 alpha(Pentasaccharide)	Neu5Ac(a2-3)Gal(b1-3)[Neu5Ac(a2-6)]GalNAc(b1-4)Gal-R	"{""keep"": true, ""suggested_class"": ""1A""}"
EP0111	GT1a alpha	Neu5Ac(a2-3)Gal(b1-3)[Neu5Ac(a2-6)]GalNAc(b1-4)[Neu5Ac(a2-3)]Gal(b1-4)Glc(b1-1)Cer	"{""keep"": true, ""suggested_class"": ""1A""}"
EP0112	GQ1b alpha	Neu5Ac(a2-3)Gal(b1-3)[Neu5Ac(a2-6)]GalNAc(b1-4)[Neu5Ac(a2-8)Neu5Ac(a2-3)]Gal(b1-4)Glc(b1-1)Cer	"{""keep"": true, ""suggested_class"": ""1A""}"
EP0113	Galabiosylceramide	Gal(a1-4)Gal(b1-1)Cer	"{""keep"": true, ""suggested_class"": ""1A""}"
EP0114	Lactotetraosylceramide	Gal(b1-3)GlcNAc(b1-3)Gal(b1-4)Glc(b1-1)Cer	"{""keep"": true, ""suggested_class"": ""1A""}"
EP0115	2-9,2-6 Disialyllactosylceramide	Neu5Ac(a2-9)Neu5Ac(a2-6)Gal(b1-4)Glc(b1-1)Cer	"{""keep"": true, ""suggested_class"": ""1B""}"
EP0120	SM4s	HSO3(-3)Gal(b1-1)Cer	"{""keep"": true, ""suggested_class"": ""2A""}"
EP0138	I Antigen	Gal(b1-4)GlcNAc(b1-6)[Gal(b1-4)GlcNAc(b1-3)]Gal(b1-4)GlcNAc(b1-)-R	"{""keep"": true, ""suggested_class"": ""1A""}"
EP0139	i Antigen	Gal(b1-4)GlcNAc(b1-3)Gal(b1-4)GlcNAc(b1-)-R	"{""keep"": true, ""suggested_class"": ""1A""}"
EP0140	LacNAc-Gal	Gal(b1-4)GlcNAc(b1-3)Gal(b1-)-R	"{""keep"": true, ""suggested_class"": ""1B""}"
EP0141	6-Sulfo LacNAc	Gal(b1-4)[HSO3(-6)]GlcNAc(b1-)-R	"{""keep"": true, ""suggested_class"": ""1B""}"
EP0142	6-Sulfo Lewis x	Gal(b1-4)[Fuc(a1-3)][HSO3(-6)]GlcNAc(b1-)-R	"{""keep"": true, ""suggested_class"": ""1A""}"
EP0143	Sialyl 6-Sulfo LacNAc	Neu5Ac(a2-3)Gal(b1-4)[HSO3(-6)]GlcNAc(b1-)-R	"{""keep"": true, ""suggested_class"": ""1B""}"
EP0144	6,6'-Sulfo LacNAc	HSO3(-6)Gal(b1-4)[HSO3(-6)]GlcNAc(b1-)-R	"{""keep"": true, ""suggested_class"": ""1B""}"
EP0145	6,6,6'-Sulfo LacNAc	HSO3(-6)Gal(b1-4)[HSO3(-6)]GlcNAc(b1-3)[HSO3(-6)]Gal(b1-)-R	"{""keep"": true, ""suggested_class"": ""1B""}"
EP0150	LDN	GalNAc(b1-4)GlcNAc-R	"{""keep"": true, ""suggested_class"": ""1B""}"
EP0151	LDN-F	GalNAc(b1-4)[Fuc(a1-3)]GlcNAc-R	"{""keep"": true, ""suggested_class"": ""1B""}"
EP0200	Alpha-Galactosyl Epitope	Gal(a1-3)Gal(b1-4)GlcNAc-R	"{""keep"": true, ""suggested_class"": ""1A""}"
EP0210	Lewis y (extended) / Hexasaccharide	Fuc(a1-2)Gal(b1-4)[Fuc(a1-3)]GlcNAc(b1-3)Gal(b1-4)GlcNAc-R	"{""keep"": true, ""suggested_class"": ""1A""}"
EP0211	Lewis a (b1-3)Gal	Gal(b1-3)[Fuc(a1-4)]GlcNAc(b1-3)Gal-R	"{""keep"": true, ""suggested_class"": ""1A""}"
EP0212	Internal Lewis x	Gal(b1-4)GlcNAc(b1-3)Gal(b1-4)[Fuc(a1-3)]GlcNAc(b1-3)Gal(b1-4)GlcNAc(b1-3)Gal(b1-4)GlcNAc(b1-3)Gal(b1-4)Glc(b1-1)Cer	"{""keep"": true, ""suggested_class"": ""1A""}"
EP0213	2-6 Sialyl i-Lewis x	Neu5Ac(a2-6)Gal(b1-4)GlcNAc(b1-3)Gal(b1-4)[Fuc(a1-3)]GlcNAc(b1-)-R	"{""keep"": true, ""suggested_class"": ""1A""}"
EP0250	Blood Group H Disaccharide	Fuc(a1-2)Gal(b1-)-R	"{""keep"": true, ""suggested_class"": ""1A""}"
EP0251	Blood Group H Type 1	Fuc(a1-2)Gal(b1-3)GlcNAc(b1-)-R	"{""keep"": true, ""suggested_class"": ""1A""}"
EP0252	Blood Group H Type 2	Fuc(a1-2)Gal(b1-4)GlcNAc(b1-)-R	"{""keep"": true, ""suggested_class"": ""1A""}"
EP0253	Blood Group H Type 3	Fuc(a1-2)Gal(b1-3)GalNAc(a1-)-R	"{""keep"": true, ""suggested_class"": ""1A""}"
EP0254	Blood Group H Type 4	Fuc(a1-2)Gal(b1-3)GalNAc(b1-)-R	"{""keep"": true, ""suggested_class"": ""1A""}"
EP0255	Blood Group A Trisaccharide	GalNAc(a1-3)[Fuc(a1-2)]Gal(b1-)-R	"{""keep"": true, ""suggested_class"": ""1A""}"
EP0256	Blood Group A Type 1	GalNAc(a1-3)[Fuc(a1-2)]Gal(b1-3)GlcNAc(b1-)-R	"{""keep"": true, ""suggested_class"": ""1A""}"
EP0257	Blood Group A Type 2	GalNAc(a1-3)[Fuc(a1-2)]Gal(b1-4)GlcNAc(b1-)-R	"{""keep"": true, ""suggested_class"": ""1A""}"
EP0258	Blood Group A Type 3	GalNAc(a1-3)[Fuc(a1-2)]Gal(b1-3)GalNAc(a1-)-R	"{""keep"": true, ""suggested_class"": ""1A""}"
EP0259	Blood Group A Type 4	GalNAc(a1-3)[Fuc(a1-2)]Gal(b1-3)GalNAc(b1-)-R	"{""keep"": true, ""suggested_class"": ""1A""}"
EP0260	Blood Group A Type 1 (difucosyl)	GalNAc(a1-3)[Fuc(a1-2)]Gal(b1-3)[Fuc(a1-4)]GlcNAc(b1-)-R	"{""keep"": true, ""suggested_class"": ""1A"", ""preferred_label_override"": ""Blood Group A Type 1 - difucosyl""}"
EP0261	Blood Group A Type 2 (difucosyl)	GalNAc(a1-3)[Fuc(a1-2)]Gal(b1-4)[Fuc(a1-3)]GlcNAc(b1-)-R	"{""keep"": true, ""suggested_class"": ""1A"", ""preferred_label_override"": ""Blood Group A Type 2 - difucosyl""}"
EP0262	Blood Group B Type 2	Gal(a1-3)[Fuc(a1-2)]Gal(b1-4)GlcNAc(b1-)-R	"{""keep"": true, ""suggested_class"": ""1A""}"
EP0280	Fuc(a1-3)GalNAc(b1)	Fuc(a1-3)GalNAc(b1-)-R	"{""keep"": true, ""suggested_class"": ""2A""}"
EP0301	Neu5Ac(a2-3)Gal / Monosialoganglioside	Neu5Ac(a2-3)Gal-R	"{""keep"": true, ""suggested_class"": ""2A""}"
EP0302	Neu5Gc(a2-3)Gal / Monosialoganglioside	Neu5Gc(a2-3)Gal-R	"{""keep"": true, ""suggested_class"": ""2A""}"
EP0303	Neu5Gc(a2-3)Gal	Neu5Gc(a2-3)Gal-R	"{""keep"": true, ""suggested_class"": ""2A""}"
EP0304	Neu5Ac(a2-3)Gal(b1)	Neu5Ac(a2-3)Gal(b1-)-R	"{""keep"": true, ""suggested_class"": ""2A""}"
EP0305	Neu5Ac(a2-3)Gal(b1-4)Glc	Neu5Ac(a2-3)Gal(b1-4)Glc-R	"{""keep"": true, ""suggested_class"": ""2A""}"
EP0306	Neu5Ac(a2-8)Neu5Gc(a2-3)Gal	Neu5Ac(a2-8)Neu5Gc(a2-3)Gal-R	"{""keep"": true, ""suggested_class"": ""2A""}"
EP0307	Neu5Gc(a2-8)Neu5Gc(a2-3)Gal	Neu5Gc(a2-8)Neu5Gc(a2-3)Gal-R	"{""keep"": true, ""suggested_class"": ""2A""}"
EP0308	Neu5Ac(a2-8)Neu5Ac(a2-3)Gal	Neu5Ac(a2-8)Neu5Ac(a2-3)Gal-R	"{""keep"": true, ""suggested_class"": ""2A""}"
EP0309	Neu5Gc(a2-8)Neu5Ac(a2-3)Gal	Neu5Gc(a2-8)Neu5Ac(a2-3)Gal-R	"{""keep"": true, ""suggested_class"": ""2A""}"
EP0311	GalNAc(b1-4)[Neu5Ac(a2-3)]Gal(b1)	GalNAc(b1-4)[Neu5Ac(a2-3)]Gal(b1-)-R	"{""keep"": true, ""suggested_class"": ""2A""}"
EP0312	Galactose 3-O-Sulfate	HSO3(-3)Gal-R	"{""keep"": true, ""suggested_class"": ""2A""}"
EP0313	Neu5Gc(a2-3)Gal(b1-4)Glc	Neu5Gc(a2-3)Gal(b1-4)Glc-R	"{""keep"": true, ""suggested_class"": ""2A""}"
EP0314	Neu5Ac(a2-3)Gal(b1-4)GlcNAc	Neu5Ac(a2-3)Gal(b1-4)GlcNAc-R	"{""keep"": true, ""suggested_class"": ""2A""}"
EP0315	Neu5Gc(a2-3)Gal(b1-4)GlcNAc	Neu5Gc(a2-3)Gal(b1-4)GlcNAc-R	"{""keep"": true, ""suggested_class"": ""2A""}"
EP0316	Neu5Ac(a2-8)Neu5Ac(a2-3)Gal(b1-4)Glc	Neu5Ac(a2-8)Neu5Ac(a2-3)Gal(b1-4)Glc-R	"{""keep"": true, ""suggested_class"": ""2A""}"
EP0317	Neu5Ac(a2-8)Neu5Gc(a2-3)Gal(b1-4)Glc	Neu5Ac(a2-8)Neu5Gc(a2-3)Gal(b1-4)Glc-R	"{""keep"": true, ""suggested_class"": ""2A""}"
EP0318	GalNAc(b1-3)Gal(b1-4)GlcNAc	GalNAc(b1-3)Gal(b1-4)GlcNAc-R	"{""keep"": true, ""suggested_class"": ""2A""}"
EP0319	Gal(b1-4)[Fuc(a1-3)]Glc(b1)	Gal(b1-4)[Fuc(a1-3)]Glc(b1-)-R	"{""keep"": true, ""suggested_class"": ""2A""}"
EP0320	GalNAc(b1-4)[Neu5Gc(a2-3)]Gal(b1)	GalNAc(b1-4)[Neu5Gc(a2-3)]Gal(b1-)-R	"{""keep"": true, ""suggested_class"": ""2A""}"
EP0321	GalNAc(b1-4)Gal	GalNAc(b1-4)Gal-R	"{""keep"": true, ""suggested_class"": ""2A""}"
EP0322	Lacto-N-Tetraose	Gal(b1-3)GlcNAc(b1-3)Gal(b1-4)Glc-R	"{""keep"": true, ""suggested_class"": ""1A""}"
EP0323	2-3 Sialyl-Lacto-N-Tetraose	Neu5Ac(a2-3)Gal(b1-3)GlcNAc(b1-3)Gal(b1-4)Glc-R	"{""keep"": true, ""suggested_class"": ""2A""}"
EP0324	Gal(b1-3)GalNAc	Gal(b1-3)GalNAc-R	"{""keep"": true, ""suggested_class"": ""2A""}"
EP0325	Neu5Ac(a2-3)Gal(b1-3)GalNAc	Neu5Ac(a2-3)Gal(b1-3)GalNAc-R	"{""keep"": true, ""suggested_class"": ""2A""}"
EP0326	Neu5Ac(a2-8)Neu5Ac(a2-3)Gal(b1-3)GalNAc	Neu5Ac(a2-8)Neu5Ac(a2-3)Gal(b1-3)GalNAc-R	"{""keep"": true, ""suggested_class"": ""2A""}"
EP0350	Lacto-N-Neotetraose	Gal(b1-4)GlcNAc(b1-3)Gal(b1-4)Glc-R	"{""keep"": true, ""suggested_class"": ""1A""}"
EP0351	Neu5Ac(a2-6)Gal	Neu5Ac(a2-6)Gal-R	"{""keep"": true, ""suggested_class"": ""2A""}"
EP0352	Neu5Ac(a2-6)GalNAc	Neu5Ac(a2-6)GalNAc-R	"{""keep"": true, ""suggested_class"": ""2A""}"
EP0353	2-6 Sialyl-LacNAc-Gal	Neu5Ac(a2-6)Gal(b1-4)GlcNAc(b1-3)Gal(b1-)-R	"{""keep"": true, ""suggested_class"": ""2A""}"
EP0370	GlcNAc(b1-3)Gal	GlcNAc(b1-3)Gal-R	"{""keep"": true, ""suggested_class"": ""2A""}"
EP0371	GlcNAc(b1-3)Gal(b1-4)GlcNAc	GlcNAc(b1-3)Gal(b1-4)GlcNAc-R	"{""keep"": true, ""suggested_class"": ""2A""}"
EP0500	Homogalacturonan	-[GalA(a1-4)]n-       O-acetyled and methyl-esterified GalA may exist	"{""keep"": true, ""suggested_class"": ""1C""}"
EP0501	Xylogalacturonan	Partial structure of  Xylogalacturonan :  ---[Xyl(a1-3)]GalA(a1-4)[Xyl(a1-3)]GalA(a1-4)GalA(a1-4)[Xyl(a1-3)]GalA(a1-4)GalA(a1-4)---      Methyl-esterified GalA  may exist	"{""keep"": true, ""suggested_class"": ""1C""}"
EP0503	Arabinogalactan Type I	Partial structure of  Arabinogalactan Type I : ---Gal(b1-4)Gal(b1-4)[Ara(a1-5)Ara(a1-3)]Gal(b1-4)[Ara(a1-3)]Gal(b1-4)Gal(b1-4)Gal(b1-4)---	"{""keep"": true, ""suggested_class"": ""1C""}"
EP0504	Arabinogalactan Type II	Partial structure of  Arabinogalactan  Type II : ---Gal(b1-3)[Ara(b1-6)]Gal(b1-3)[Ara(b1-3)Ara(b1-6)]Gal(b1-3)[Gal(b1-6)Gal(b1-6)]Gal(b1-3)[Gal(b1-6)Gal(b1-6)]Gal(b1-3)Gal(b1-3)---	"{""keep"": true, ""suggested_class"": ""1C""}"
EP0506	beta 1-4 Galactan	-[Gal(b1-4)]n-	"{""keep"": true, ""suggested_class"": ""1C""}"
EP0507	1-6 beta Galactan	-[Gal(b1-6)]n-	"{""keep"": true, ""suggested_class"": ""1C""}"
EP0508	Arabinan	Partial structure of Arabinan  : ---Ara(a1-5)Ara(a1-5)[Ara(a1-3])Ara(a1-5)Ara(a1-5)[Ara(a1-2)]Ara(a1-5)Ara(a1-5)---	"{""keep"": true, ""suggested_class"": ""1C""}"
EP0509	Glucomannan	Partial structure of Glucomannan  : ---Man(b1-4)Glc(b1-4)[Gal(a1-6)]Man(b1-4)Glc(b1-4)Man(b1-4)Glc(b1-4)Man(b1-4)Man(b1-4)---        2-O-Acetyled and 3-O-Acetyled  Man may exist	"{""keep"": true, ""suggested_class"": ""1C""}"
EP0510	Galactomannan	Partial structure of Galactomannan  : ---Man(b1-4)[Gal(a1-6)]Man(b1-4)[Gal(a1-6)]Man(b1-4)[Gal(a1-6)]Man(b1-4)Man(b1-4)Man(b1-4)---	"{""keep"": true, ""suggested_class"": ""1C""}"
EP0511	Xyloglucan	Partial structure of Xyloglucan  : ---Glc(b1-4)[Xyl(a1-6)]Glc(b1-4)[Gal(b1-2)Xyl(a1-6)]Glc(b1-4)[Fuc(a1-2)Gal(b1-2)Xyl(a1-6)]Glc(b1-4)[Xyl(a1-6)]Glc(b1-4)---	"{""keep"": true, ""suggested_class"": ""1C""}"
EP0512	1-3,1-4 beta Glucan	Partial structure of 1-3,1-4 beta Glucan  : ---Glc(b1-4)Glc(b1-4)Glc(b1-3)Glc(b1-4)Glc(b1-4)Glc(b1)---	"{""keep"": true, ""suggested_class"": ""1C""}"
EP0513	Glucronoxylan	Partial structure of Glucronoxylan  : ---Xyl(b1-4)Xyl(b1-4)Xyl(b1-4)[GlcA(a1-2)]Xyl(b1-4)Xyl(b1-4)Xyl(b1-4)Xyl(b1)---     4-O-Methyled GlcA may  exist	"{""keep"": true, ""suggested_class"": ""1C""}"
EP0514	Glucronoarabinoxylan	Partial structure of Glucronoarabinoxylan  : ---Xyl(b1-4)Xyl(b1-4)[GlcA(a1-2)]Xyl(b1-4)[GlcA(a1-2)]Xyl(b1-4)Xyl(b1-4)[Ara(a1-3)]Xyl(b1-4)Xyl(b1)---     4-O-Methyled GlcA may  exist	"{""keep"": true, ""suggested_class"": ""1C""}"
