#label	id	#tags	bgsl_curator_meta
AGM1	https://api.glycosmos.org/wurcs2image/latest/png/binary/G21856LC		"{""keep"": true, ""suggested_class"": ""1A""}"
AGM2	https://api.glycosmos.org/wurcs2image/latest/png/binary/G90562PB		"{""keep"": true, ""suggested_class"": ""1A""}"
AGM3	https://api.glycosmos.org/wurcs2image/latest/png/binary/G15541SE		"{""keep"": true, ""suggested_class"": ""1A""}"
Arabinan	https://api.glycosmos.org/wurcs2image/latest/png/binary/G22535ZZ		"{""keep"": true, ""suggested_class"": ""1C""}"
Chondroitin	https://api.glycosmos.org/wurcs2image/latest/png/binary/G43702JT		"{""keep"": true, ""suggested_class"": ""1A""}"
Chondroitin-4-Sulfate	https://api.glycosmos.org/wurcs2image/latest/png/binary/G19059PI		"{""keep"": true, ""suggested_class"": ""1A""}"
Chondroitin-6-Sulfate	https://api.glycosmos.org/wurcs2image/latest/png/binary/G34992DF		"{""keep"": true, ""suggested_class"": ""1A""}"
Fuc(a1-3)GalNAc(b1)	https://api.glycosmos.org/wurcs2image/latest/png/binary/G57709BH		"{""keep"": true, ""suggested_class"": ""2A""}"
GA2	https://api.glycosmos.org/wurcs2image/latest/png/binary/G90562PB		"{""keep"": true, ""suggested_class"": ""1A""}"
GD1a	https://api.glycosmos.org/wurcs2image/latest/png/binary/G46677TE		"{""keep"": true, ""suggested_class"": ""1A""}"
GD1b	https://api.glycosmos.org/wurcs2image/latest/png/binary/G37184KW		"{""keep"": true, ""suggested_class"": ""1A""}"
GD2	https://api.glycosmos.org/wurcs2image/latest/png/binary/G02657AK		"{""keep"": true, ""suggested_class"": ""1A""}"
GD3	https://api.glycosmos.org/wurcs2image/latest/png/binary/G98544DH		"{""keep"": true, ""suggested_class"": ""1A""}"
GM1	https://api.glycosmos.org/wurcs2image/latest/png/binary/G48558GR		"{""keep"": true, ""suggested_class"": ""1A""}"
GM1a	https://api.glycosmos.org/wurcs2image/latest/png/binary/G48558GR		"{""keep"": true, ""suggested_class"": ""1A""}"
GM1b	https://api.glycosmos.org/wurcs2image/latest/png/binary/G03277YI		"{""keep"": true, ""suggested_class"": ""1A""}"
GM2	https://api.glycosmos.org/wurcs2image/latest/png/binary/G79389NT		"{""keep"": true, ""suggested_class"": ""1A""}"
GM3	https://api.glycosmos.org/wurcs2image/latest/png/binary/G91237TK		"{""keep"": true, ""suggested_class"": ""1A""}"
GM4	https://api.glycosmos.org/wurcs2image/latest/png/binary/G30207PZ		"{""keep"": true, ""suggested_class"": ""1A""}"
GP1c	https://api.glycosmos.org/wurcs2image/latest/png/binary/G26203DP		"{""keep"": true, ""suggested_class"": ""1A""}"
GQ1b	https://api.glycosmos.org/wurcs2image/latest/png/binary/G18625KA		"{""keep"": true, ""suggested_class"": ""1A""}"
GQ1c	https://api.glycosmos.org/wurcs2image/latest/png/binary/G99524KA		"{""keep"": true, ""suggested_class"": ""1A""}"
GT1a	https://api.glycosmos.org/wurcs2image/latest/png/binary/G68110IF		"{""keep"": true, ""suggested_class"": ""1A""}"
GT1b	https://api.glycosmos.org/wurcs2image/latest/png/binary/G40183QN		"{""keep"": true, ""suggested_class"": ""1A""}"
GT1c	https://api.glycosmos.org/wurcs2image/latest/png/binary/G78818SP		"{""keep"": true, ""suggested_class"": ""1A""}"
GT2	https://api.glycosmos.org/wurcs2image/latest/png/binary/G36476BA		"{""keep"": true, ""suggested_class"": ""1A""}"
GT3	https://api.glycosmos.org/wurcs2image/latest/png/binary/G93899SO		"{""keep"": true, ""suggested_class"": ""1A""}"
Gal(b1-3)GalNAc	https://api.glycosmos.org/wurcs2image/latest/png/binary/G78436BB		"{""keep"": true, ""suggested_class"": ""2A""}"
Gal(b1-4)[Fuc(a1-3)]Glc(b1)	https://api.glycosmos.org/wurcs2image/latest/png/binary/G57548NB		"{""keep"": true, ""suggested_class"": ""2A""}"
Gal-CTH	https://api.glycosmos.org/wurcs2image/latest/png/binary/G91649BT		"{""keep"": true, ""suggested_class"": ""1B""}"
GalNAc(b1-3)Gal(b1-4)GlcNAc	https://api.glycosmos.org/wurcs2image/latest/png/binary/G61149BD		"{""keep"": true, ""suggested_class"": ""2A""}"
GalNAc(b1-4)Gal	https://api.glycosmos.org/wurcs2image/latest/png/binary/G60859DF		"{""keep"": true, ""suggested_class"": ""2A""}"
GalNAc(b1-4)[Neu5Ac(a2-3)]Gal(b1)	https://api.glycosmos.org/wurcs2image/latest/png/binary/G45058HZ		"{""keep"": true, ""suggested_class"": ""2A""}"
GalNAc(b1-4)[Neu5Gc(a2-3)]Gal(b1)	https://api.glycosmos.org/wurcs2image/latest/png/binary/G29406SZ		"{""keep"": true, ""suggested_class"": ""2A""}"
GalNAc-GD1a	https://api.glycosmos.org/wurcs2image/latest/png/binary/G92175CL		"{""keep"": true, ""suggested_class"": ""1A""}"
Galabiosylceramide	https://api.glycosmos.org/wurcs2image/latest/png/binary/G67988RO		"{""keep"": true, ""suggested_class"": ""1A""}"
Galactomannan	https://api.glycosmos.org/wurcs2image/latest/png/binary/G93424OB		"{""keep"": true, ""suggested_class"": ""1C""}"
Galactosylceramide	https://api.glycosmos.org/wurcs2image/latest/png/binary/G65889KE		"{""keep"": true, ""suggested_class"": ""1A""}"
Galactosylgloboside	https://api.glycosmos.org/wurcs2image/latest/png/binary/G99053DY		"{""keep"": true, ""suggested_class"": ""1A""}"
Gb3	https://api.glycosmos.org/wurcs2image/latest/png/binary/G00059MO		"{""keep"": true, ""suggested_class"": ""1A""}"
Gb4	https://api.glycosmos.org/wurcs2image/latest/png/binary/G00061MO		"{""keep"": true, ""suggested_class"": ""1A""}"
Gb5	https://api.glycosmos.org/wurcs2image/latest/png/binary/G99053DY		"{""keep"": true, ""suggested_class"": ""1A""}"
Gg3	https://api.glycosmos.org/wurcs2image/latest/png/binary/G90562PB		"{""keep"": true, ""suggested_class"": ""1A""}"
Gg4	https://api.glycosmos.org/wurcs2image/latest/png/binary/G21856LC		"{""keep"": true, ""suggested_class"": ""1A""}"
Gg5	https://api.glycosmos.org/wurcs2image/latest/png/binary/G96834JC		"{""keep"": true, ""suggested_class"": ""1A""}"
GlcNAc(b1-3)Gal	https://api.glycosmos.org/wurcs2image/latest/png/binary/G02880JU		"{""keep"": true, ""suggested_class"": ""2A""}"
GlcNAc(b1-3)Gal(b1-4)GlcNAc	https://api.glycosmos.org/wurcs2image/latest/png/binary/G48117BL		"{""keep"": true, ""suggested_class"": ""1A""}"
Globoside	https://api.glycosmos.org/wurcs2image/latest/png/binary/G00061MO		"{""keep"": true, ""suggested_class"": ""1A""}"
Glucomannan	https://api.glycosmos.org/wurcs2image/latest/png/binary/G88924MD		"{""keep"": true, ""suggested_class"": ""1C""}"
Glucronoarabinoxylan	https://api.glycosmos.org/wurcs2image/latest/png/binary/G54315VV		"{""keep"": true, ""suggested_class"": ""1C""}"
Glucronoxylan	https://api.glycosmos.org/wurcs2image/latest/png/binary/G94091AV		"{""keep"": true, ""suggested_class"": ""1C""}"
HNK-1	https://api.glycosmos.org/wurcs2image/latest/png/binary/G54406UD		"{""keep"": true, ""suggested_class"": ""1A""}"
Homogalacturonan	https://api.glycosmos.org/wurcs2image/latest/png/binary/G25318VQ		"{""keep"": true, ""suggested_class"": ""1C""}"
KDN-Gal	https://api.glycosmos.org/wurcs2image/latest/png/binary/G82612XX		"{""keep"": true, ""suggested_class"": ""2A""}"
LDN	https://api.glycosmos.org/wurcs2image/latest/png/binary/G31736BK		"{""keep"": true, ""suggested_class"": ""1B""}"
LDN-F	https://api.glycosmos.org/wurcs2image/latest/png/binary/G02240AO		"{""keep"": true, ""suggested_class"": ""1B""}"
LacNAc	https://api.glycosmos.org/wurcs2image/latest/png/binary/G66213AR		"{""keep"": true, ""suggested_class"": ""1B""}"
LacNAc-Gal	https://api.glycosmos.org/wurcs2image/latest/png/binary/G06580KR		"{""keep"": true, ""suggested_class"": ""1B""}"
Lacto-N-Neotetraose	https://api.glycosmos.org/wurcs2image/latest/png/binary/G48059CD		"{""keep"": true, ""suggested_class"": ""1A""}"
Lacto-N-Tetraose	https://api.glycosmos.org/wurcs2image/latest/png/binary/G45827GY		"{""keep"": true, ""suggested_class"": ""1A""}"
Lactogangliotetraosylceramide	https://api.glycosmos.org/wurcs2image/latest/png/binary/G62554JH		"{""keep"": true, ""suggested_class"": ""1A""}"
Lactosylceramide	https://api.glycosmos.org/wurcs2image/latest/png/binary/G84224TW		"{""keep"": true, ""suggested_class"": ""1A""}"
Lactotetraosylceramide	https://api.glycosmos.org/wurcs2image/latest/png/binary/G00049MO		"{""keep"": true, ""suggested_class"": ""1A""}"
Lc3	https://api.glycosmos.org/wurcs2image/latest/png/binary/G06239NA		"{""keep"": true, ""suggested_class"": ""1A""}"
Lc4	https://api.glycosmos.org/wurcs2image/latest/png/binary/G00049MO		"{""keep"": true, ""suggested_class"": ""1A""}"
M3FX	https://api.glycosmos.org/wurcs2image/latest/png/binary/G47379VH		"{""keep"": true, ""suggested_class"": ""2D""}"
Neu5Ac(a2-3)Gal(b1)	https://api.glycosmos.org/wurcs2image/latest/png/binary/G30207PZ		"{""keep"": true, ""suggested_class"": ""2A""}"
Neu5Ac(a2-3)Gal(b1-3)GalNAc	https://api.glycosmos.org/wurcs2image/latest/png/binary/G56299XO		"{""keep"": true, ""suggested_class"": ""2A""}"
Neu5Ac(a2-3)Gal(b1-4)Glc	https://api.glycosmos.org/wurcs2image/latest/png/binary/G56516VH		"{""keep"": true, ""suggested_class"": ""2A""}"
Neu5Ac(a2-3)Gal(b1-4)GlcNAc	https://api.glycosmos.org/wurcs2image/latest/png/binary/G10203DW		"{""keep"": true, ""suggested_class"": ""2A""}"
Neu5Ac(a2-6)Gal	https://api.glycosmos.org/wurcs2image/latest/png/binary/G44345UH		"{""keep"": true, ""suggested_class"": ""2A""}"
Neu5Ac(a2-6)GalNAc	https://api.glycosmos.org/wurcs2image/latest/png/binary/G08371CD		"{""keep"": true, ""suggested_class"": ""2A""}"
Neu5Ac(a2-8)Neu5Ac(a2-3)Gal	https://api.glycosmos.org/wurcs2image/latest/png/binary/G82775QT		"{""keep"": true, ""suggested_class"": ""2A""}"
Neu5Ac(a2-8)Neu5Ac(a2-3)Gal(b1-3)GalNAc	https://api.glycosmos.org/wurcs2image/latest/png/binary/G93910CU		"{""keep"": true, ""suggested_class"": ""2A""}"
Neu5Ac(a2-8)Neu5Ac(a2-3)Gal(b1-4)Glc	https://api.glycosmos.org/wurcs2image/latest/png/binary/G81928IQ		"{""keep"": true, ""suggested_class"": ""2A""}"
Neu5Ac(a2-8)Neu5Gc(a2-3)Gal	https://api.glycosmos.org/wurcs2image/latest/png/binary/G82974JM		"{""keep"": true, ""suggested_class"": ""2A""}"
Neu5Ac(a2-8)Neu5Gc(a2-3)Gal(b1-4)Glc	https://api.glycosmos.org/wurcs2image/latest/png/binary/G95233MF		"{""keep"": true, ""suggested_class"": ""2A""}"
Neu5Gc(a2-3)Gal	https://api.glycosmos.org/wurcs2image/latest/png/binary/G53517XC		"{""keep"": true, ""suggested_class"": ""2A""}"
Neu5Gc(a2-3)Gal(b1-4)Glc	https://api.glycosmos.org/wurcs2image/latest/png/binary/G32969VW		"{""keep"": true, ""suggested_class"": ""2A""}"
Neu5Gc(a2-3)Gal(b1-4)GlcNAc	https://api.glycosmos.org/wurcs2image/latest/png/binary/G48236KP		"{""keep"": true, ""suggested_class"": ""2A""}"
Neu5Gc(a2-8)Neu5Ac(a2-3)Gal	https://api.glycosmos.org/wurcs2image/latest/png/binary/G61424BA		"{""keep"": true, ""suggested_class"": ""2A""}"
Neu5Gc(a2-8)Neu5Gc(a2-3)Gal	https://api.glycosmos.org/wurcs2image/latest/png/binary/G16142UJ		"{""keep"": true, ""suggested_class"": ""2A""}"
O-GlcNAc	https://api.glycosmos.org/wurcs2image/latest/png/binary/G49108TO		"{""keep"": true, ""suggested_class"": ""2B""}"
O-acetyl-GD3	https://api.glycosmos.org/wurcs2image/latest/png/binary/G74121RX		"{""keep"": true, ""suggested_class"": ""1A""}"
Paragloboside	https://api.glycosmos.org/wurcs2image/latest/png/binary/G58896AZ		"{""keep"": true, ""suggested_class"": ""1A""}"
Poly-KDN	https://api.glycosmos.org/wurcs2image/latest/png/binary/G42911NE		"{""keep"": true, ""suggested_class"": ""1B""}"
SD1a	https://api.glycosmos.org/wurcs2image/latest/png/binary/G63813EJ		"{""keep"": true, ""suggested_class"": ""1A""}"
SM3	https://api.glycosmos.org/wurcs2image/latest/png/binary/G20044TD		"{""keep"": true, ""suggested_class"": ""1A""}"
SM4s	https://api.glycosmos.org/wurcs2image/latest/png/binary/G72548RZ		"{""keep"": true, ""suggested_class"": ""1A""}"
SSEA-1	https://api.glycosmos.org/wurcs2image/latest/png/binary/G85497PI		"{""keep"": true, ""suggested_class"": ""1A""}"
SSEA-3	https://api.glycosmos.org/wurcs2image/latest/png/binary/G25129BT		"{""keep"": true, ""suggested_class"": ""1A""}"
SSEA-4	https://api.glycosmos.org/wurcs2image/latest/png/binary/G84263XI		"{""keep"": true, ""suggested_class"": ""1A""}"
VIM-2	https://api.glycosmos.org/wurcs2image/latest/png/binary/G22418PV		"{""keep"": true, ""suggested_class"": ""1A""}"
Xylogalacturonan	https://api.glycosmos.org/wurcs2image/latest/png/binary/G00367NK		"{""keep"": true, ""suggested_class"": ""1C""}"
Xyloglucan	https://api.glycosmos.org/wurcs2image/latest/png/binary/G25326UC		"{""keep"": true, ""suggested_class"": ""1C""}"
amylose	https://api.glycosmos.org/wurcs2image/latest/png/binary/G05740LL		"{""keep"": true, ""suggested_class"": ""1C""}"
cellobiose	https://api.glycosmos.org/wurcs2image/latest/png/binary/G55560AP		"{""keep"": true, ""suggested_class"": ""DISCARD""}"
cellotriose	https://api.glycosmos.org/wurcs2image/latest/png/binary/G50026IZ		"{""keep"": true}"
chitin	https://api.glycosmos.org/wurcs2image/latest/png/binary/G97099AY		"{""keep"": true, ""suggested_class"": ""1C""}"
gellan	https://api.glycosmos.org/wurcs2image/latest/png/binary/G41181BF		"{""keep"": true}"
gentiobiose	https://api.glycosmos.org/wurcs2image/latest/png/binary/G47329OU		"{""keep"": true}"
iGb3	https://api.glycosmos.org/wurcs2image/latest/png/binary/G78074HX		"{""keep"": true, ""suggested_class"": ""1A""}"
iGb4	https://api.glycosmos.org/wurcs2image/latest/png/binary/G57710SU		"{""keep"": true, ""suggested_class"": ""1A""}"
isomaltose	https://api.glycosmos.org/wurcs2image/latest/png/binary/G36281WI		"{""keep"": true, ""suggested_class"": ""3B""}"
isopanose	https://api.glycosmos.org/wurcs2image/latest/png/binary/G37117TJ		"{""keep"": true, ""suggested_class"": ""3B""}"
lactose	https://api.glycosmos.org/wurcs2image/latest/png/binary/G15541SE		"{""keep"": true, ""suggested_class"": ""DISCARD""}"
maltose	https://api.glycosmos.org/wurcs2image/latest/png/binary/G44653LT		"{""keep"": true, ""suggested_class"": ""DISCARD""}"
melibiose	https://api.glycosmos.org/wurcs2image/latest/png/binary/G66481II		"{""keep"": true, ""suggested_class"": ""3B""}"
nLc4	https://api.glycosmos.org/wurcs2image/latest/png/binary/G58896AZ		"{""keep"": true, ""suggested_class"": ""1A""}"
nLc6	https://api.glycosmos.org/wurcs2image/latest/png/binary/G84034JH		"{""keep"": true, ""suggested_class"": ""1A""}"
panose	https://api.glycosmos.org/wurcs2image/latest/png/binary/G44612JM		"{""keep"": true, ""suggested_class"": ""3B""}"
primeverose	https://api.glycosmos.org/wurcs2image/latest/png/binary/G82276DL		"{""keep"": true, ""suggested_class"": ""3B""}"
rutinose	https://api.glycosmos.org/wurcs2image/latest/png/binary/G68857PG		"{""keep"": true}"
sialyl-Lea	https://api.glycosmos.org/wurcs2image/latest/png/binary/G16258KS		"{""keep"": true, ""suggested_class"": ""1A""}"
T Antigen	https://api.glycosmos.org/wurcs2image/latest/png/binary/G00031MO		"{""keep"": true, ""suggested_class"": ""1A""}"
core 1	https://api.glycosmos.org/wurcs2image/latest/png/binary/G00031MO		"{""keep"": true, ""suggested_class"": ""1A""}"
core 2	https://api.glycosmos.org/wurcs2image/latest/png/binary/G00033MO		"{""keep"": true, ""suggested_class"": ""1A""}"
core 3	https://api.glycosmos.org/wurcs2image/latest/png/binary/G00035MO		"{""keep"": true, ""suggested_class"": ""1A""}"
core 4	https://api.glycosmos.org/wurcs2image/latest/png/binary/G00037MO		"{""keep"": true, ""suggested_class"": ""1A""}"
core 5	https://api.glycosmos.org/wurcs2image/latest/png/binary/G00039MO		"{""keep"": true, ""suggested_class"": ""1A""}"
core 6	https://api.glycosmos.org/wurcs2image/latest/png/binary/G00041MO		"{""keep"": true, ""suggested_class"": ""1A""}"
core 7	https://api.glycosmos.org/wurcs2image/latest/png/binary/G00043MO		"{""keep"": true, ""suggested_class"": ""1A""}"
Lewis b	https://api.glycosmos.org/wurcs2image/latest/png/binary/G00048MO		"{""keep"": true, ""suggested_class"": ""1A""}"
Lewis x	https://api.glycosmos.org/wurcs2image/latest/png/binary/G00051MO		"{""keep"": true, ""suggested_class"": ""1A""}"
Lewis y	https://api.glycosmos.org/wurcs2image/latest/png/binary/G00052MO		"{""keep"": true, ""suggested_class"": ""1A""}"
i Antigen	https://api.glycosmos.org/wurcs2image/latest/png/binary/G00058MO		"{""keep"": true, ""suggested_class"": ""1A""}"
2-3 Sialylparagloboside	https://api.glycosmos.org/wurcs2image/latest/png/binary/G01767JJ		"{""keep"": true, ""suggested_class"": ""2A""}"
GD1 alpha(Pentasaccharide)	https://api.glycosmos.org/wurcs2image/latest/png/binary/G02149VR		"{""keep"": true, ""suggested_class"": ""1A""}"
GT1a alpha	https://api.glycosmos.org/wurcs2image/latest/png/binary/G02149VR		"{""keep"": true, ""suggested_class"": ""1A""}"
2-6 Sialyl-LacNAc-Gal	https://api.glycosmos.org/wurcs2image/latest/png/binary/G03509EL		"{""keep"": true, ""suggested_class"": ""2A""}"
Pk Antigen	https://api.glycosmos.org/wurcs2image/latest/png/binary/G06000DZ		"{""keep"": true, ""suggested_class"": ""1A""}"
GD1 alpha	https://api.glycosmos.org/wurcs2image/latest/png/binary/G07394RV		"{""keep"": true, ""suggested_class"": ""1A""}"
6-Sulfo LacNAc	https://api.glycosmos.org/wurcs2image/latest/png/binary/G13157WZ		"{""keep"": true, ""suggested_class"": ""1B""}"
Heparan Sulfate	https://api.glycosmos.org/wurcs2image/latest/png/binary/G17927IW		"{""keep"": true, ""suggested_class"": ""1A""}"
2-3 Sialyl-Lacto-N-Tetraose	https://api.glycosmos.org/wurcs2image/latest/png/binary/G21066IE		"{""keep"": true, ""suggested_class"": ""2A""}"
Asialo GM1	https://api.glycosmos.org/wurcs2image/latest/png/binary/G21856LC		"{""keep"": true, ""suggested_class"": ""1A""}"
6,6'-Sulfo LacNAc	https://api.glycosmos.org/wurcs2image/latest/png/binary/G24270KX		"{""keep"": true, ""suggested_class"": ""1B""}"
Acharan Sulfate	https://api.glycosmos.org/wurcs2image/latest/png/binary/G25575JK		"{""keep"": true, ""suggested_class"": ""1A""}"
Delta-Heparan Sulfate	https://api.glycosmos.org/wurcs2image/latest/png/binary/G25575JK		"{""keep"": true, ""suggested_class"": ""1A""}"
Alpha-Galactosyl Epitope	https://api.glycosmos.org/wurcs2image/latest/png/binary/G27798EJ		"{""keep"": true, ""suggested_class"": ""1A""}"
2-9,2-6 Disialyllactosylceramide	https://api.glycosmos.org/wurcs2image/latest/png/binary/G30187JM		"{""keep"": true, ""suggested_class"": ""1A""}"
6,6,6'-Sulfo LacNAc	https://api.glycosmos.org/wurcs2image/latest/png/binary/G31736BK		"{""keep"": true, ""suggested_class"": ""1B""}"
Monosialyl Gb5	https://api.glycosmos.org/wurcs2image/latest/png/binary/G32254QI		"{""keep"": true, ""suggested_class"": ""1A""}"
Lewis a	https://api.glycosmos.org/wurcs2image/latest/png/binary/G39023AU		"{""keep"": true, ""suggested_class"": ""1A""}"
Galactose 3-O-Sulfate	https://api.glycosmos.org/wurcs2image/latest/png/binary/G40843KY		"{""keep"": true, ""suggested_class"": ""3B""}"
6,6'-Sulfo LacNAc	https://api.glycosmos.org/wurcs2image/latest/png/binary/G41392LY		"{""keep"": true, ""suggested_class"": ""1B""}"
6,6,6'-Sulfo LacNAc	https://api.glycosmos.org/wurcs2image/latest/png/binary/G41392LY		"{""keep"": true, ""suggested_class"": ""1B""}"
GQ1b alpha	https://api.glycosmos.org/wurcs2image/latest/png/binary/G54733XO		"{""keep"": true, ""suggested_class"": ""1A""}"
Disialyl I	https://api.glycosmos.org/wurcs2image/latest/png/binary/G54937EM		"{""keep"": true, ""suggested_class"": ""1A""}"
P1 Antigen	https://api.glycosmos.org/wurcs2image/latest/png/binary/G55205ZV		"{""keep"": true, ""suggested_class"": ""1A""}"
I Antigen	https://api.glycosmos.org/wurcs2image/latest/png/binary/G56045WU		"{""keep"": true, ""suggested_class"": ""1A""}"
N-Glycolyl GM2	https://api.glycosmos.org/wurcs2image/latest/png/binary/G56478LD		"{""keep"": true, ""suggested_class"": ""1A""}"
core m2	https://api.glycosmos.org/wurcs2image/latest/png/binary/G56868BH		"{""keep"": true, ""suggested_class"": ""1A""}"
Tn Antigen	https://api.glycosmos.org/wurcs2image/latest/png/binary/G57321FI		"{""keep"": true, ""suggested_class"": ""1A""}"
core 0	https://api.glycosmos.org/wurcs2image/latest/png/binary/G57321FI		"{""keep"": true}"
Fucosyl Asialo-GM1	https://api.glycosmos.org/wurcs2image/latest/png/binary/G57920AK		"{""keep"": true, ""suggested_class"": ""1A""}"
F1 Alpha	https://api.glycosmos.org/wurcs2image/latest/png/binary/G61730RY		"{""keep"": true, ""suggested_class"": ""1A""}"
Bata Galactose	https://api.glycosmos.org/wurcs2image/latest/png/binary/G65889KE		"{""keep"": true, ""suggested_class"": ""2A""}"
2-9,2-6 Disialyllactosylceramide	https://api.glycosmos.org/wurcs2image/latest/png/binary/G72548RZ		"{""keep"": true, ""suggested_class"": ""1A""}"
9-O-Acetyl GD3	https://api.glycosmos.org/wurcs2image/latest/png/binary/G74121RX		"{""keep"": true, ""suggested_class"": ""1A""}"
N-Glycolyl GM3	https://api.glycosmos.org/wurcs2image/latest/png/binary/G75789AR		"{""keep"": true, ""suggested_class"": ""1A""}"
core 8	https://api.glycosmos.org/wurcs2image/latest/png/binary/G76355TG		"{""keep"": true, ""suggested_class"": ""1A""}"
N-Acetyl GM2	https://api.glycosmos.org/wurcs2image/latest/png/binary/G79389NT		"{""keep"": true, ""suggested_class"": ""1A""}"
Forssman Antigen	https://api.glycosmos.org/wurcs2image/latest/png/binary/G80062GG		"{""keep"": true, ""suggested_class"": ""1A""}"
Poly-N-Acetylneuraminic Acid	https://api.glycosmos.org/wurcs2image/latest/png/binary/G80631ZD		"{""keep"": true, ""suggested_class"": ""1B""}"
Keratan Sulfate	https://api.glycosmos.org/wurcs2image/latest/png/binary/G82109MW		"{""keep"": true, ""suggested_class"": ""1A""}"
2-6 Sialylparagloboside	https://api.glycosmos.org/wurcs2image/latest/png/binary/G83513YI		"{""keep"": true, ""suggested_class"": ""2A""}"
N-Glycolyl GD3	https://api.glycosmos.org/wurcs2image/latest/png/binary/G84891DZ		"{""keep"": true, ""suggested_class"": ""1A""}"
core m1	https://api.glycosmos.org/wurcs2image/latest/png/binary/G85856KC		"{""keep"": true, ""suggested_class"": ""1A""}"
N-Acetyl GM3	https://api.glycosmos.org/wurcs2image/latest/png/binary/G91237TK		"{""keep"": true, ""suggested_class"": ""1A""}"
Fucosyl GM1	https://api.glycosmos.org/wurcs2image/latest/png/binary/G91532KA		"{""keep"": true, ""suggested_class"": ""1A""}"
Poly-N-Glycolylneuraminic Acid	https://api.glycosmos.org/wurcs2image/latest/png/binary/G95717TY		"{""keep"": true, ""suggested_class"": ""1B""}"
core m3	https://api.glycosmos.org/wurcs2image/latest/png/binary/G97041TX		"{""keep"": true, ""suggested_class"": ""1A""}"
Disialyl Gb5	https://api.glycosmos.org/wurcs2image/latest/png/binary/G97932OH		"{""keep"": true, ""suggested_class"": ""1A""}"
N-Acetyl GD3	https://api.glycosmos.org/wurcs2image/latest/png/binary/G98544DH		"{""keep"": true, ""suggested_class"": ""1A""}"
Lewis a (b1-3)Gal	https://api.glycosmos.org/wurcs2image/latest/png/binary/G28420BK		"{""keep"": true, ""suggested_class"": ""1A""}"
Lewis y (extended) / Hexasaccharide	https://api.glycosmos.org/wurcs2image/latest/png/binary/G69030AU		"{""keep"": true, ""suggested_class"": ""1A""}"
O-Mannosyl Glycan / Mammalian	https://api.glycosmos.org/wurcs2image/latest/png/binary/G59126YU		"{""keep"": true, ""suggested_class"": ""3C""}"
O-Mannosyl Glycan / Yeast	https://api.glycosmos.org/wurcs2image/latest/png/binary/G25559RS		"{""keep"": true, ""suggested_class"": ""3C""}"
O-Fucose Glycan /EGF Repeat	https://api.glycosmos.org/wurcs2image/latest/png/binary/G39294YF		"{""keep"": true, ""suggested_class"": ""1B""}"
O-Fucose Glycan /Thrombospondin Type 1 Repeat	https://api.glycosmos.org/wurcs2image/latest/png/binary/G36855WW		"{""keep"": true, ""suggested_class"": ""3C""}"
Cyclic Sialyl 6-Sulfo Lewis x	https://api.glycosmos.org/wurcs2image/latest/png/binary/G11148DZ		"{""keep"": true, ""suggested_class"": ""1A""}"
Blood Group A	https://api.glycosmos.org/wurcs2image/latest/png/binary/G00066MO		"{""keep"": true, ""suggested_class"": ""1A""}"
Blood Group A Trisaccharide	https://api.glycosmos.org/wurcs2image/latest/png/binary/G00066MO		"{""keep"": true, ""suggested_class"": ""1A""}"
Blood Group A Type 1	https://api.glycosmos.org/wurcs2image/latest/png/binary/G66163TI		"{""keep"": true, ""suggested_class"": ""1A""}"
Blood Group A Type 1 (difucosyl)	https://api.glycosmos.org/wurcs2image/latest/png/binary/G97501MA		"{""keep"": true, ""suggested_class"": ""1A""}"
Blood Group A Type 2	https://api.glycosmos.org/wurcs2image/latest/png/binary/G74353FF		"{""keep"": true, ""suggested_class"": ""1A""}"
Blood Group A Type 2 (difucosyl)	https://api.glycosmos.org/wurcs2image/latest/png/binary/G54826OZ		"{""keep"": true, ""suggested_class"": ""1A""}"
Blood Group A Type 3	https://api.glycosmos.org/wurcs2image/latest/png/binary/G99315PE		"{""keep"": true, ""suggested_class"": ""1A""}"
Blood Group A Type 4	https://api.glycosmos.org/wurcs2image/latest/png/binary/G17480GI		"{""keep"": true, ""suggested_class"": ""1A""}"
9-O-Acetyl Sialic Acid	https://api.glycosmos.org/wurcs2image/latest/png/binary/G47325QT		"{""keep"": true, ""suggested_class"": ""3B""}"
Disialyl T Antigen	https://api.glycosmos.org/wurcs2image/latest/png/binary/G01614ZM		"{""keep"": true, ""suggested_class"": ""1A""}"
Sialyl Tn Antigen	https://api.glycosmos.org/wurcs2image/latest/png/binary/G36123IU		"{""keep"": true, ""suggested_class"": ""1A""}"
Trifucosyl-Lewis b Antigen	https://api.glycosmos.org/wurcs2image/latest/png/binary/G74578MX		"{""keep"": true, ""suggested_class"": ""1A""}"
Trifucosyl-Lewis y Antigen	https://api.glycosmos.org/wurcs2image/latest/png/binary/G74917JX		"{""keep"": true, ""suggested_class"": ""1A""}"
Blood Group B Type 2	https://api.glycosmos.org/wurcs2image/latest/png/binary/G94956AW		"{""keep"": true, ""suggested_class"": ""1A""}"
Chindroitin Sulfate D Unit	https://api.glycosmos.org/wurcs2image/latest/png/binary/G46732TY		"{""keep"": true, ""suggested_class"": ""1A""}"
1-6 beta Galactan	https://api.glycosmos.org/wurcs2image/latest/png/binary/G69386QK		"{""keep"": true, ""suggested_class"": ""1C""}"
beta 1-4 Galactan	https://api.glycosmos.org/wurcs2image/latest/png/binary/G77076MY		"{""keep"": true, ""suggested_class"": ""1C""}"
1-3,1-4 beta Glucan	https://api.glycosmos.org/wurcs2image/latest/png/binary/G46558JB		"{""keep"": true, ""suggested_class"": ""1C""}"
Blood Group H	https://api.glycosmos.org/wurcs2image/latest/png/binary/G00068MO		"{""keep"": true, ""suggested_class"": ""1A""}"
Blood Group H Disaccharide	https://api.glycosmos.org/wurcs2image/latest/png/binary/G00068MO		"{""keep"": true, ""suggested_class"": ""1A""}"
Blood Group H Type 1	https://api.glycosmos.org/wurcs2image/latest/png/binary/G40696TO		"{""keep"": true, ""suggested_class"": ""1A""}"
Blood Group H Type 2	https://api.glycosmos.org/wurcs2image/latest/png/binary/G61459JW		"{""keep"": true, ""suggested_class"": ""1A""}"
Blood Group H Type 3	https://api.glycosmos.org/wurcs2image/latest/png/binary/G94435QH		"{""keep"": true, ""suggested_class"": ""1A""}"
Blood Group H Type 4	https://api.glycosmos.org/wurcs2image/latest/png/binary/G35778AN		"{""keep"": true, ""suggested_class"": ""1A""}"
Arabinogalactan Type I	https://api.glycosmos.org/wurcs2image/latest/png/binary/G98272RS		"{""keep"": true, ""suggested_class"": ""1C""}"
Human Natural Killer]1	https://api.glycosmos.org/wurcs2image/latest/png/binary/G54406UD		"{""keep"": true}"
Sialyl 6-Sulfo LacNAc	https://api.glycosmos.org/wurcs2image/latest/png/binary/G99745QX		"{""keep"": true, ""suggested_class"": ""1B""}"
GalNAc Disialyl Lc4	https://api.glycosmos.org/wurcs2image/latest/png/binary/G33532XU		"{""keep"": true, ""suggested_class"": ""1A""}"
GalNAc Disialyl Lc4 (Hexasaccharide)	https://api.glycosmos.org/wurcs2image/latest/png/binary/G97932OH		"{""keep"": true, ""suggested_class"": ""1A""}"
6'-Sulfo Sialyl Lewis x	https://api.glycosmos.org/wurcs2image/latest/png/binary/G00672PE		"{""keep"": true, ""suggested_class"": ""1A""}"
Sialyl 6-Sulfo Lewis x	https://api.glycosmos.org/wurcs2image/latest/png/binary/G80722US		"{""keep"": true, ""suggested_class"": ""1A""}"
Lewis a- Lewis x Hybrid Antigen	https://api.glycosmos.org/wurcs2image/latest/png/binary/G07357YR		"{""keep"": true, ""suggested_class"": ""1A""}"
Lewis a- Lewis x Hybrid Antigen	https://api.glycosmos.org/wurcs2image/latest/png/binary/G74578MX		"{""keep"": true, ""suggested_class"": ""1A""}"
Neu5Gc(a2-3)Gal / Monosialoganglioside	https://api.glycosmos.org/wurcs2image/latest/png/binary/G53517XC		"{""keep"": true, ""suggested_class"": ""2A""}"
Neu5Ac(a2-3)Gal / Monosialoganglioside	https://api.glycosmos.org/wurcs2image/latest/png/binary/G77824XV		"{""keep"": true, ""suggested_class"": ""2A""}"
C-Series Gangliosides Oligosaccharide / Hemato- or Ganglio-Type	https://api.glycosmos.org/wurcs2image/latest/png/binary/G45770AV		"{""keep"": true, ""suggested_class"": ""1B""}"
6,6'- Disulfo Sialyl Lewis x	https://api.glycosmos.org/wurcs2image/latest/png/binary/G00659GQ		"{""keep"": true, ""suggested_class"": ""1A""}"
Sialyl Lewis a	https://api.glycosmos.org/wurcs2image/latest/png/binary/G00053MO		"{""keep"": true, ""suggested_class"": ""1A""}"
Dimeric Lewis a	https://api.glycosmos.org/wurcs2image/latest/png/binary/G21808VY		"{""keep"": true, ""suggested_class"": ""1A""}"
3'-Sulfo Lewis a	https://api.glycosmos.org/wurcs2image/latest/png/binary/G78706CK		"{""keep"": true, ""suggested_class"": ""1A""}"
Disialyl Lewis a	https://api.glycosmos.org/wurcs2image/latest/png/binary/G93400AK		"{""keep"": true, ""suggested_class"": ""1A""}"
Disialyl Lewis c	https://api.glycosmos.org/wurcs2image/latest/png/binary/G14000ZZ		"{""keep"": true, ""suggested_class"": ""1A""}"
Sialyl Lewis c	https://api.glycosmos.org/wurcs2image/latest/png/binary/G46776WR		"{""keep"": true, ""suggested_class"": ""1A""}"
2-6 Sialyl i-Lewis x	https://api.glycosmos.org/wurcs2image/latest/png/binary/G93855LZ		"{""keep"": true, ""suggested_class"": ""1A""}"
Arabinogalactan Type ll	https://api.glycosmos.org/wurcs2image/latest/png/binary/G12828SG		"{""keep"": true, ""suggested_class"": ""1C""}"
Sialyl Lewis x	https://api.glycosmos.org/wurcs2image/latest/png/binary/G00054MO		"{""keep"": true, ""suggested_class"": ""1A""}"
3'-Sulfo Lewis x	https://api.glycosmos.org/wurcs2image/latest/png/binary/G12295TB		"{""keep"": true, ""suggested_class"": ""1A""}"
Internal Lewis x	https://api.glycosmos.org/wurcs2image/latest/png/binary/G64227KZ		"{""keep"": true, ""suggested_class"": ""1A""}"
Dimeric Lewis x	https://api.glycosmos.org/wurcs2image/latest/png/binary/G79535HZ		"{""keep"": true, ""suggested_class"": ""1A""}"
6-Sulfo Lewis x	https://api.glycosmos.org/wurcs2image/latest/png/binary/G89307GT		"{""keep"": true, ""suggested_class"": ""1A""}"
Sialyl Lewis x-i	https://api.glycosmos.org/wurcs2image/latest/png/binary/G06597DS		"{""keep"": true, ""suggested_class"": ""1A""}"
Lac	https://api.glycosmos.org/wurcs2image/latest/png/binary/G84224TW		"{""keep"": true, ""suggested_class"": ""3B""}"
Neu5Ac	https://api.glycosmos.org/wurcs2image/latest/png/binary/G76685HR		"{""keep"": true, ""suggested_class"": ""3B""}"
NeuAc	https://api.glycosmos.org/wurcs2image/latest/png/binary/G76685HR		"{""keep"": true, ""suggested_class"": ""3B""}"
NeuNAc	https://api.glycosmos.org/wurcs2image/latest/png/binary/G76685HR		"{""keep"": true, ""suggested_class"": ""3B""}"
GalNAc	https://api.glycosmos.org/wurcs2image/latest/png/binary/G39738WL		"{""keep"": true, ""suggested_class"": ""3B""}"
